model_name,forecast_created_at,target_date,he,bus_id,zone_id,predict_pd
historical_profile_pyarrow,2024-12-01 00:01:00,2025-01-01,1,THW_23KV_1,COAS,0.716882
historical_profile_pyarrow,2024-12-01 00:01:00,2025-01-01,1,THW_69KV_1,COAS,11.841109
historical_profile_pyarrow,2024-12-01 00:01:00,2025-01-01,1,THW_23KV_2,COAS,0.000000
historical_profile_pyarrow,2024-12-01 00:01:00,2025-01-01,1,THW_1KV_1,COAS,11.841109
historical_profile_pyarrow,2024-12-01 00:01:00,2025-01-01,1,THW_345KV_1,COAS,11.841109
historical_profile_pyarrow,2024-12-01 00:01:00,2025-01-01,1,THW_1KV_2,COAS,11.841109
historical_profile_pyarrow,2024-12-01 00:01:00,2025-01-01,1,THW_1KV_3,COAS,11.841109
historical_profile_pyarrow,2024-12-01 00:01:00,2025-01-01,1,THW_1KV_4,COAS,11.841109
historical_profile_pyarrow,2024-12-01 00:01:00,2025-01-01,1,THW_1KV_5,COAS,11.841109
historical_profile_pyarrow,2024-12-01 00:01:00,2025-01-01,1,THW_345KV_2,COAS,11.841109
historical_profile_pyarrow,2024-12-01 00:01:00,2025-01-01,1,THW_1KV_6,COAS,11.841109
historical_profile_pyarrow,2024-12-01 00:01:00,2025-01-01,1,THW_1KV_7,COAS,11.841109
historical_profile_pyarrow,2024-12-01 00:01:00,2025-01-01,1,THW_138KV_1,COAS,57.760268
historical_profile_pyarrow,2024-12-01 00:01:00,2025-01-01,1,THW_138KV_2,COAS,0.000000
historical_profile_pyarrow,2024-12-01 00:01:00,2025-01-01,1,THW_138KV_3,COAS,0.000000
historical_profile_pyarrow,2024-12-01 00:01:00,2025-01-01,1,THW_138KV_4,COAS,0.000000
historical_profile_pyarrow,2024-12-01 00:01:00,2025-01-01,1,THW_138KV_5,COAS,0.523456
historical_profile_pyarrow,2024-12-01 00:01:00,2025-01-01,1,THW_138KV_6,COAS,31.990057
historical_profile_pyarrow,2024-12-01 00:01:00,2025-01-01,1,THW_138KV_7,COAS,27.244176
historical_profile_pyarrow,2024-12-01 00:01:00,2025-01-01,1,THW_138KV_8,COAS,34.343000
historical_profile_pyarrow,2024-12-01 00:01:00,2025-01-01,1,THW_1KV_8,COAS,11.841109
historical_profile_pyarrow,2024-12-01 00:01:00,2025-01-01,1,THW_1KV_9,COAS,11.841109
historical_profile_pyarrow,2024-12-01 00:01:00,2025-01-01,1,THW_1KV_10,COAS,11.841109
historical_profile_pyarrow,2024-12-01 00:01:00,2025-01-01,1,THW_13KV_18,COAS,11.841109
historical_profile_pyarrow,2024-12-01 00:01:00,2025-01-01,1,HX_138KV_1,COAS,6.671112
historical_profile_pyarrow,2024-12-01 00:01:00,2025-01-01,1,NCARBIDE_69KV_1,COAS,0.000000
historical_profile_pyarrow,2024-12-01 00:01:00,2025-01-01,1,NCARBIDE_138KV_1,COAS,11.841109
historical_profile_pyarrow,2024-12-01 00:01:00,2025-01-01,1,NCARBIDE_138KV_2,COAS,11.841109
historical_profile_pyarrow,2024-12-01 00:01:00,2025-01-01,1,TML_138KV_1,COAS,2.822104
historical_profile_pyarrow,2024-12-01 00:01:00,2025-01-01,1,PV_TAP_69KV_1,COAS,11.841109
historical_profile_pyarrow,2024-12-01 00:01:00,2025-01-01,1,TWNPNSW_69KV_1,COAS,11.841109
historical_profile_pyarrow,2024-12-01 00:01:00,2025-01-01,1,DT_69KV_1,COAS,27.669188
historical_profile_pyarrow,2024-12-01 00:01:00,2025-01-01,1,DT_138KV_1,COAS,11.841109
historical_profile_pyarrow,2024-12-01 00:01:00,2025-01-01,1,DT_1KV_1,COAS,11.841109
historical_profile_pyarrow,2024-12-01 00:01:00,2025-01-01,1,DT_1KV_2,COAS,11.841109
historical_profile_pyarrow,2024-12-01 00:01:00,2025-01-01,1,DT_12KV_1,COAS,11.841109
historical_profile_pyarrow,2024-12-01 00:01:00,2025-01-01,1,DT_13KV_1,COAS,11.841109
historical_profile_pyarrow,2024-12-01 00:01:00,2025-01-01,1,WAP_345KV_1,COAS,11.841109
historical_profile_pyarrow,2024-12-01 00:01:00,2025-01-01,1,WAP_345KV_2,COAS,11.841109
historical_profile_pyarrow,2024-12-01 00:01:00,2025-01-01,1,WAP_345KV_3,COAS,11.841109
historical_profile_pyarrow,2024-12-01 00:01:00,2025-01-01,1,WAP_345KV_4,COAS,11.841109
historical_profile_pyarrow,2024-12-01 00:01:00,2025-01-01,1,WAP_345KV_5,COAS,11.841109
historical_profile_pyarrow,2024-12-01 00:01:00,2025-01-01,1,WAP_138KV_1,COAS,0.000000
historical_profile_pyarrow,2024-12-01 00:01:00,2025-01-01,1,WAP_138KV_2,COAS,0.000000
historical_profile_pyarrow,2024-12-01 00:01:00,2025-01-01,1,WAP_138KV_3,COAS,0.000000
historical_profile_pyarrow,2024-12-01 00:01:00,2025-01-01,1,WAP_138KV_4,COAS,0.000000
historical_profile_pyarrow,2024-12-01 00:01:00,2025-01-01,1,WAP_138KV_5,COAS,0.000000
historical_profile_pyarrow,2024-12-01 00:01:00,2025-01-01,1,WAP_138KV_6,COAS,11.841109
historical_profile_pyarrow,2024-12-01 00:01:00,2025-01-01,1,WAP_138KV_7,COAS,11.841109
historical_profile_pyarrow,2024-12-01 00:01:00,2025-01-01,1,WAP_138KV_8,COAS,11.841109
historical_profile_pyarrow,2024-12-01 00:01:00,2025-01-01,1,TXCITYWT_69KV_1,COAS,3.115662
historical_profile_pyarrow,2024-12-01 00:01:00,2025-01-01,1,SHR_138KV_1,COAS,16.369481
historical_profile_pyarrow,2024-12-01 00:01:00,2025-01-01,1,STW_138KV_1,COAS,10.962185
historical_profile_pyarrow,2024-12-01 00:01:00,2025-01-01,1,EL_CAMPO_69KV_1,COAS,6.706830
historical_profile_pyarrow,2024-12-01 00:01:00,2025-01-01,1,EL_CAMPO_138KV_1,COAS,6.377414
historical_profile_pyarrow,2024-12-01 00:01:00,2025-01-01,1,MP_138KV_1,COAS,27.440838
historical_profile_pyarrow,2024-12-01 00:01:00,2025-01-01,1,CTY_138KV_1,COAS,6.838480
historical_profile_pyarrow,2024-12-01 00:01:00,2025-01-01,1,TNPRXAIR_69KV_1,COAS,46.887448
historical_profile_pyarrow,2024-12-01 00:01:00,2025-01-01,1,FOS_138KV_1,COAS,0.061084
historical_profile_pyarrow,2024-12-01 00:01:00,2025-01-01,1,GAF_138KV_1,COAS,5.361908
historical_profile_pyarrow,2024-12-01 00:01:00,2025-01-01,1,WI_138KV_1,COAS,66.294377
historical_profile_pyarrow,2024-12-01 00:01:00,2025-01-01,1,ED_138KV_1,COAS,10.732019
historical_profile_pyarrow,2024-12-01 00:01:00,2025-01-01,1,ED_138KV_2,COAS,12.073407
historical_profile_pyarrow,2024-12-01 00:01:00,2025-01-01,1,ED_138KV_3,COAS,11.841109
historical_profile_pyarrow,2024-12-01 00:01:00,2025-01-01,1,ED_138KV_4,COAS,0.000000
historical_profile_pyarrow,2024-12-01 00:01:00,2025-01-01,1,DSN_138KV_1,COAS,5.456273
historical_profile_pyarrow,2024-12-01 00:01:00,2025-01-01,1,STP_345KV_1,COAS,3.158170
historical_profile_pyarrow,2024-12-01 00:01:00,2025-01-01,1,VET_138KV_1,COAS,0.149167
historical_profile_pyarrow,2024-12-01 00:01:00,2025-01-01,1,VET_138KV_2,COAS,11.841109
historical_profile_pyarrow,2024-12-01 00:01:00,2025-01-01,1,CAL_138KV_1,COAS,0.000000
historical_profile_pyarrow,2024-12-01 00:01:00,2025-01-01,1,MIDFIELD_69KV_1,COAS,11.841109
historical_profile_pyarrow,2024-12-01 00:01:00,2025-01-01,1,SB_138KV_1,COAS,18.365708
historical_profile_pyarrow,2024-12-01 00:01:00,2025-01-01,1,INT_138KV_1,COAS,1.445403
historical_profile_pyarrow,2024-12-01 00:01:00,2025-01-01,1,FD_138KV_1,COAS,45.694974
historical_profile_pyarrow,2024-12-01 00:01:00,2025-01-01,1,GG_138KV_1,COAS,19.907429
historical_profile_pyarrow,2024-12-01 00:01:00,2025-01-01,1,GG_138KV_2,COAS,8.208362
historical_profile_pyarrow,2024-12-01 00:01:00,2025-01-01,1,GG_138KV_3,COAS,11.841109
historical_profile_pyarrow,2024-12-01 00:01:00,2025-01-01,1,GG_138KV_4,COAS,11.841109
historical_profile_pyarrow,2024-12-01 00:01:00,2025-01-01,1,INEZS_69KV_1,COAS,3.938545
historical_profile_pyarrow,2024-12-01 00:01:00,2025-01-01,1,DUP1_V_138KV_1,COAS,0.000000
historical_profile_pyarrow,2024-12-01 00:01:00,2025-01-01,1,DUP1_V_138KV_2,COAS,0.000000
historical_profile_pyarrow,2024-12-01 00:01:00,2025-01-01,1,ADK_138KV_1,COAS,34.775325
historical_profile_pyarrow,2024-12-01 00:01:00,2025-01-01,1,ADK_138KV_2,COAS,13.011675
historical_profile_pyarrow,2024-12-01 00:01:00,2025-01-01,1,ADK_345KV_1,COAS,11.841109
historical_profile_pyarrow,2024-12-01 00:01:00,2025-01-01,1,ADK_138KV_3,COAS,20.436000
historical_profile_pyarrow,2024-12-01 00:01:00,2025-01-01,1,ADK_1KV_1,COAS,11.841109
historical_profile_pyarrow,2024-12-01 00:01:00,2025-01-01,1,ADK_1KV_2,COAS,11.841109
historical_profile_pyarrow,2024-12-01 00:01:00,2025-01-01,1,ADK_23KV_1,COAS,11.841109
historical_profile_pyarrow,2024-12-01 00:01:00,2025-01-01,1,ADK_23KV_2,COAS,11.841109
historical_profile_pyarrow,2024-12-01 00:01:00,2025-01-01,1,PRS_69KV_1,COAS,11.841109
historical_profile_pyarrow,2024-12-01 00:01:00,2025-01-01,1,SEADRIFT_69KV_1,COAS,0.954000
historical_profile_pyarrow,2024-12-01 00:01:00,2025-01-01,1,SALTDOME_69KV_1,COAS,4.007695
historical_profile_pyarrow,2024-12-01 00:01:00,2025-01-01,1,TNNALVIN_138KV_1,COAS,2.207402
historical_profile_pyarrow,2024-12-01 00:01:00,2025-01-01,1,RTW_345KV_1,COAS,11.841109
historical_profile_pyarrow,2024-12-01 00:01:00,2025-01-01,1,RTW_138KV_1,COAS,11.841109
historical_profile_pyarrow,2024-12-01 00:01:00,2025-01-01,1,RTW_23KV_1,COAS,11.841109
historical_profile_pyarrow,2024-12-01 00:01:00,2025-01-01,1,RTW_1KV_1,COAS,11.841109
historical_profile_pyarrow,2024-12-01 00:01:00,2025-01-01,1,RTW_1KV_2,COAS,11.841109
historical_profile_pyarrow,2024-12-01 00:01:00,2025-01-01,1,RTW_23KV_2,COAS,11.841109
historical_profile_pyarrow,2024-12-01 00:01:00,2025-01-01,1,MDO_345KV_1,COAS,11.841109
historical_profile_pyarrow,2024-12-01 00:01:00,2025-01-01,1,MDO_138KV_1,COAS,11.841109
historical_profile_pyarrow,2024-12-01 00:01:00,2025-01-01,1,MDO_1KV_1,COAS,11.841109
historical_profile_pyarrow,2024-12-01 00:01:00,2025-01-01,1,MDO_23KV_1,COAS,11.841109
historical_profile_pyarrow,2024-12-01 00:01:00,2025-01-01,1,MDO_138KV_2,COAS,11.841109
historical_profile_pyarrow,2024-12-01 00:01:00,2025-01-01,1,MDO_1KV_2,COAS,11.841109
historical_profile_pyarrow,2024-12-01 00:01:00,2025-01-01,1,MDO_23KV_2,COAS,11.841109
historical_profile_pyarrow,2024-12-01 00:01:00,2025-01-01,1,ZEN_345KV_1,COAS,11.841109
historical_profile_pyarrow,2024-12-01 00:01:00,2025-01-01,1,ZEN_138KV_1,COAS,11.841109
historical_profile_pyarrow,2024-12-01 00:01:00,2025-01-01,1,ZEN_1KV_1,COAS,11.841109
historical_profile_pyarrow,2024-12-01 00:01:00,2025-01-01,1,ZEN_23KV_1,COAS,11.841109
historical_profile_pyarrow,2024-12-01 00:01:00,2025-01-01,1,ZEN_1KV_2,COAS,11.841109
historical_profile_pyarrow,2024-12-01 00:01:00,2025-01-01,1,ZEN_23KV_2,COAS,11.841109
historical_profile_pyarrow,2024-12-01 00:01:00,2025-01-01,1,ZEN_1KV_3,COAS,11.841109
historical_profile_pyarrow,2024-12-01 00:01:00,2025-01-01,1,ZEN_23KV_3,COAS,11.841109
historical_profile_pyarrow,2024-12-01 00:01:00,2025-01-01,1,CRS_138KV_1,COAS,5.462922
historical_profile_pyarrow,2024-12-01 00:01:00,2025-01-01,1,DUN_138KV_1,COAS,97.868545
historical_profile_pyarrow,2024-12-01 00:01:00,2025-01-01,1,MARKHMTP_69KV_1,COAS,11.841109
historical_profile_pyarrow,2024-12-01 00:01:00,2025-01-01,1,CLMVLTAP_69KV_1,COAS,11.841109
historical_profile_pyarrow,2024-12-01 00:01:00,2025-01-01,1,TRESPAL_69KV_1,COAS,0.093825
historical_profile_pyarrow,2024-12-01 00:01:00,2025-01-01,1,SCR_138KV_1,COAS,21.662422
historical_profile_pyarrow,2024-12-01 00:01:00,2025-01-01,1,DPO_138KV_1,COAS,35.092325
historical_profile_pyarrow,2024-12-01 00:01:00,2025-01-01,1,LONETREE_69KV_1,COAS,5.263513
historical_profile_pyarrow,2024-12-01 00:01:00,2025-01-01,1,TNTEPCOT_69KV_1,COAS,11.841109
historical_profile_pyarrow,2024-12-01 00:01:00,2025-01-01,1,TNMRTHPT_69KV_1,COAS,11.841109
historical_profile_pyarrow,2024-12-01 00:01:00,2025-01-01,1,RICEBI_138KV_1,COAS,11.841109
historical_profile_pyarrow,2024-12-01 00:01:00,2025-01-01,1,RICEBI_69KV_1,COAS,11.841109
historical_profile_pyarrow,2024-12-01 00:01:00,2025-01-01,1,BNS_138KV_1,COAS,1.615253
historical_profile_pyarrow,2024-12-01 00:01:00,2025-01-01,1,NOR_138KV_1,COAS,71.644230
historical_profile_pyarrow,2024-12-01 00:01:00,2025-01-01,1,MLR_138KV_1,COAS,1.349784
historical_profile_pyarrow,2024-12-01 00:01:00,2025-01-01,1,ARC_138KV_1,COAS,0.000000
historical_profile_pyarrow,2024-12-01 00:01:00,2025-01-01,1,ARC_138KV_2,COAS,0.000000
historical_profile_pyarrow,2024-12-01 00:01:00,2025-01-01,1,TNSHELTP_69KV_1,COAS,0.856045
historical_profile_pyarrow,2024-12-01 00:01:00,2025-01-01,1,RLN_138KV_1,COAS,18.776967
historical_profile_pyarrow,2024-12-01 00:01:00,2025-01-01,1,TNK_138KV_1,COAS,6.219801
historical_profile_pyarrow,2024-12-01 00:01:00,2025-01-01,1,PNPI_138KV_1,COAS,11.841109
historical_profile_pyarrow,2024-12-01 00:01:00,2025-01-01,1,JOR_138KV_1,COAS,29.734408
historical_profile_pyarrow,2024-12-01 00:01:00,2025-01-01,1,JOR_138KV_2,COAS,24.934353
historical_profile_pyarrow,2024-12-01 00:01:00,2025-01-01,1,JOR_138KV_3,COAS,11.036276
historical_profile_pyarrow,2024-12-01 00:01:00,2025-01-01,1,JOR_345KV_1,COAS,11.841109
historical_profile_pyarrow,2024-12-01 00:01:00,2025-01-01,1,JOR_1KV_1,COAS,11.841109
historical_profile_pyarrow,2024-12-01 00:01:00,2025-01-01,1,JOR_23KV_1,COAS,11.841109
historical_profile_pyarrow,2024-12-01 00:01:00,2025-01-01,1,JOR_23KV_2,COAS,11.841109
historical_profile_pyarrow,2024-12-01 00:01:00,2025-01-01,1,JOR_1KV_2,COAS,11.841109
historical_profile_pyarrow,2024-12-01 00:01:00,2025-01-01,1,JOR_1KV_3,COAS,11.841109
historical_profile_pyarrow,2024-12-01 00:01:00,2025-01-01,1,JOR_23KV_3,COAS,11.841109
historical_profile_pyarrow,2024-12-01 00:01:00,2025-01-01,1,JOR_138KV_4,COAS,7.559333
historical_profile_pyarrow,2024-12-01 00:01:00,2025-01-01,1,LAN_138KV_1,COAS,5.274928
historical_profile_pyarrow,2024-12-01 00:01:00,2025-01-01,1,DOC_138KV_1,COAS,13.739369
historical_profile_pyarrow,2024-12-01 00:01:00,2025-01-01,1,DOC_138KV_2,COAS,5.076250
historical_profile_pyarrow,2024-12-01 00:01:00,2025-01-01,1,DOC_138KV_3,COAS,11.841109
historical_profile_pyarrow,2024-12-01 00:01:00,2025-01-01,1,DOC_138KV_4,COAS,11.841109
historical_profile_pyarrow,2024-12-01 00:01:00,2025-01-01,1,DOC_138KV_5,COAS,11.841109
historical_profile_pyarrow,2024-12-01 00:01:00,2025-01-01,1,SPW_138KV_1,COAS,110.597662
historical_profile_pyarrow,2024-12-01 00:01:00,2025-01-01,1,WKR_138KV_1,COAS,46.556224
historical_profile_pyarrow,2024-12-01 00:01:00,2025-01-01,1,ETP_138KV_1,COAS,62.938747
historical_profile_pyarrow,2024-12-01 00:01:00,2025-01-01,1,CPCSUB9_138KV_1,COAS,0.000000
historical_profile_pyarrow,2024-12-01 00:01:00,2025-01-01,1,FRY_138KV_1,COAS,11.841109
historical_profile_pyarrow,2024-12-01 00:01:00,2025-01-01,1,FRY_138KV_2,COAS,11.841109
historical_profile_pyarrow,2024-12-01 00:01:00,2025-01-01,1,FRY_138KV_3,COAS,48.739966
historical_profile_pyarrow,2024-12-01 00:01:00,2025-01-01,1,FRY_138KV_4,COAS,24.009408
historical_profile_pyarrow,2024-12-01 00:01:00,2025-01-01,1,BUTLR_RD_138KV_1,COAS,17.072994
historical_profile_pyarrow,2024-12-01 00:01:00,2025-01-01,1,CLMCAVRN_69KV_1,COAS,1.263605
historical_profile_pyarrow,2024-12-01 00:01:00,2025-01-01,1,BNT_69KV_1,COAS,0.502299
historical_profile_pyarrow,2024-12-01 00:01:00,2025-01-01,1,BNT_69KV_2,COAS,11.841109
historical_profile_pyarrow,2024-12-01 00:01:00,2025-01-01,1,COPSUB10_138KV_1,COAS,0.000000
historical_profile_pyarrow,2024-12-01 00:01:00,2025-01-01,1,RGR_138KV_1,COAS,21.004776
historical_profile_pyarrow,2024-12-01 00:01:00,2025-01-01,1,MAGILL_138KV_1,COAS,11.841109
historical_profile_pyarrow,2024-12-01 00:01:00,2025-01-01,1,TENARIS_138KV_1,COAS,15.884968
historical_profile_pyarrow,2024-12-01 00:01:00,2025-01-01,1,ALK_138KV_1,COAS,61.446987
historical_profile_pyarrow,2024-12-01 00:01:00,2025-01-01,1,FM524_138KV_1,COAS,11.841109
historical_profile_pyarrow,2024-12-01 00:01:00,2025-01-01,1,FM524_69KV_1,COAS,11.841109
historical_profile_pyarrow,2024-12-01 00:01:00,2025-01-01,1,BAC_138KV_1,COAS,11.841109
historical_profile_pyarrow,2024-12-01 00:01:00,2025-01-01,1,BAC_1KV_1,COAS,11.841109
historical_profile_pyarrow,2024-12-01 00:01:00,2025-01-01,1,BAC_1KV_2,COAS,11.841109
historical_profile_pyarrow,2024-12-01 00:01:00,2025-01-01,1,BAC_1KV_3,COAS,11.841109
historical_profile_pyarrow,2024-12-01 00:01:00,2025-01-01,1,MOR_138KV_1,COAS,0.545967
historical_profile_pyarrow,2024-12-01 00:01:00,2025-01-01,1,MRE_138KV_1,COAS,33.769377
historical_profile_pyarrow,2024-12-01 00:01:00,2025-01-01,1,VANHUM_69KV_1,COAS,0.109747
historical_profile_pyarrow,2024-12-01 00:01:00,2025-01-01,1,TAN_138KV_1,COAS,27.882444
historical_profile_pyarrow,2024-12-01 00:01:00,2025-01-01,1,TAN_138KV_2,COAS,27.031095
historical_profile_pyarrow,2024-12-01 00:01:00,2025-01-01,1,TAN_138KV_3,COAS,11.841109
historical_profile_pyarrow,2024-12-01 00:01:00,2025-01-01,1,TAN_138KV_4,COAS,11.841109
historical_profile_pyarrow,2024-12-01 00:01:00,2025-01-01,1,CAM_138KV_1,COAS,67.517941
historical_profile_pyarrow,2024-12-01 00:01:00,2025-01-01,1,VANDRBLT_138KV_1,COAS,19.722571
historical_profile_pyarrow,2024-12-01 00:01:00,2025-01-01,1,BLY_345KV_1,COAS,11.841109
historical_profile_pyarrow,2024-12-01 00:01:00,2025-01-01,1,CBECII_345KV_1,COAS,11.841109
historical_profile_pyarrow,2024-12-01 00:01:00,2025-01-01,1,SHROPSHI_69KV_1,COAS,6.851143
historical_profile_pyarrow,2024-12-01 00:01:00,2025-01-01,1,STONERSY_138KV_1,COAS,11.841109
historical_profile_pyarrow,2024-12-01 00:01:00,2025-01-01,1,INV_TAP_138KV_1,COAS,11.841109
historical_profile_pyarrow,2024-12-01 00:01:00,2025-01-01,1,INV_TAP_138KV_2,COAS,11.841109
historical_profile_pyarrow,2024-12-01 00:01:00,2025-01-01,1,CPR_138KV_1,COAS,35.526000
historical_profile_pyarrow,2024-12-01 00:01:00,2025-01-01,1,BUN_138KV_1,COAS,0.409584
historical_profile_pyarrow,2024-12-01 00:01:00,2025-01-01,1,GENESIS_69KV_1,COAS,11.841109
historical_profile_pyarrow,2024-12-01 00:01:00,2025-01-01,1,GENSISTF_69KV_1,COAS,0.633175
historical_profile_pyarrow,2024-12-01 00:01:00,2025-01-01,1,MIRAGE_138KV_1,COAS,11.841109
historical_profile_pyarrow,2024-12-01 00:01:00,2025-01-01,1,BNM_138KV_1,COAS,13.705836
historical_profile_pyarrow,2024-12-01 00:01:00,2025-01-01,1,SDY_138KV_1,COAS,5.807584
historical_profile_pyarrow,2024-12-01 00:01:00,2025-01-01,1,JCK_345KV_1,COAS,11.841109
historical_profile_pyarrow,2024-12-01 00:01:00,2025-01-01,1,JCK_138KV_1,COAS,11.841109
historical_profile_pyarrow,2024-12-01 00:01:00,2025-01-01,1,JCK_1KV_1,COAS,11.841109
historical_profile_pyarrow,2024-12-01 00:01:00,2025-01-01,1,JCK_1KV_2,COAS,11.841109
historical_profile_pyarrow,2024-12-01 00:01:00,2025-01-01,1,JCK_23KV_1,COAS,11.841109
historical_profile_pyarrow,2024-12-01 00:01:00,2025-01-01,1,JCK_23KV_2,COAS,11.841109
historical_profile_pyarrow,2024-12-01 00:01:00,2025-01-01,1,JCK_1KV_3,COAS,11.841109
historical_profile_pyarrow,2024-12-01 00:01:00,2025-01-01,1,JCK_23KV_3,COAS,11.841109
historical_profile_pyarrow,2024-12-01 00:01:00,2025-01-01,1,JCK_138KV_2,COAS,2.978957
historical_profile_pyarrow,2024-12-01 00:01:00,2025-01-01,1,JCK_138KV_3,COAS,5.386261
historical_profile_pyarrow,2024-12-01 00:01:00,2025-01-01,1,JCK_138KV_4,COAS,4.494688
historical_profile_pyarrow,2024-12-01 00:01:00,2025-01-01,1,JCK_138KV_5,COAS,5.324000
historical_profile_pyarrow,2024-12-01 00:01:00,2025-01-01,1,FEGC_138KV_1,COAS,11.841109
historical_profile_pyarrow,2024-12-01 00:01:00,2025-01-01,1,FEGC_138KV_2,COAS,11.841109
historical_profile_pyarrow,2024-12-01 00:01:00,2025-01-01,1,CALHOUN_138KV_1,COAS,11.841109
historical_profile_pyarrow,2024-12-01 00:01:00,2025-01-01,1,OYS_138KV_1,COAS,11.841109
historical_profile_pyarrow,2024-12-01 00:01:00,2025-01-01,1,CHAMON_138KV_1,COAS,11.841109
historical_profile_pyarrow,2024-12-01 00:01:00,2025-01-01,1,CTZ_138KV_1,COAS,513.720935
historical_profile_pyarrow,2024-12-01 00:01:00,2025-01-01,1,LEVEE_138KV_1,COAS,0.000000
historical_profile_pyarrow,2024-12-01 00:01:00,2025-01-01,1,LEVEE_138KV_2,COAS,0.000000
historical_profile_pyarrow,2024-12-01 00:01:00,2025-01-01,1,VCR_138KV_1,COAS,31.726766
historical_profile_pyarrow,2024-12-01 00:01:00,2025-01-01,1,VCR_138KV_2,COAS,23.355333
historical_profile_pyarrow,2024-12-01 00:01:00,2025-01-01,1,HUD_138KV_1,COAS,11.841109
historical_profile_pyarrow,2024-12-01 00:01:00,2025-01-01,1,HUD_138KV_2,COAS,11.841109
historical_profile_pyarrow,2024-12-01 00:01:00,2025-01-01,1,HUD_138KV_3,COAS,11.841109
historical_profile_pyarrow,2024-12-01 00:01:00,2025-01-01,1,HUD_138KV_4,COAS,0.000000
historical_profile_pyarrow,2024-12-01 00:01:00,2025-01-01,1,HUD_138KV_5,COAS,0.000000
historical_profile_pyarrow,2024-12-01 00:01:00,2025-01-01,1,MPLTANKF_138KV_1,COAS,0.128545
historical_profile_pyarrow,2024-12-01 00:01:00,2025-01-01,1,DER_138KV_1,COAS,0.404377
historical_profile_pyarrow,2024-12-01 00:01:00,2025-01-01,1,RUPLETP_138KV_1,COAS,11.841109
historical_profile_pyarrow,2024-12-01 00:01:00,2025-01-01,1,VICTPORT_138KV_1,COAS,11.841109
historical_profile_pyarrow,2024-12-01 00:01:00,2025-01-01,1,GLO_138KV_1,COAS,41.342766
historical_profile_pyarrow,2024-12-01 00:01:00,2025-01-01,1,WML_138KV_1,COAS,7.593960
historical_profile_pyarrow,2024-12-01 00:01:00,2025-01-01,1,RED_138KV_1,COAS,12.910627
historical_profile_pyarrow,2024-12-01 00:01:00,2025-01-01,1,PAT_138KV_1,COAS,16.462673
historical_profile_pyarrow,2024-12-01 00:01:00,2025-01-01,1,DAL_138KV_1,COAS,44.476753
historical_profile_pyarrow,2024-12-01 00:01:00,2025-01-01,1,CWS_138KV_1,COAS,40.494203
historical_profile_pyarrow,2024-12-01 00:01:00,2025-01-01,1,RUS_138KV_1,COAS,34.858448
historical_profile_pyarrow,2024-12-01 00:01:00,2025-01-01,1,CORICHI_138KV_1,COAS,0.029857
historical_profile_pyarrow,2024-12-01 00:01:00,2025-01-01,1,PRK_138KV_1,COAS,0.014229
historical_profile_pyarrow,2024-12-01 00:01:00,2025-01-01,1,CITYVICT_138KV_1,COAS,11.841109
historical_profile_pyarrow,2024-12-01 00:01:00,2025-01-01,1,GAR_138KV_1,COAS,20.425487
historical_profile_pyarrow,2024-12-01 00:01:00,2025-01-01,1,REF_345KV_1,COAS,11.841109
historical_profile_pyarrow,2024-12-01 00:01:00,2025-01-01,1,PEY_345KV_1,COAS,11.841109
historical_profile_pyarrow,2024-12-01 00:01:00,2025-01-01,1,RIG_138KV_1,COAS,90.901693
historical_profile_pyarrow,2024-12-01 00:01:00,2025-01-01,1,HOP_138KV_1,COAS,44.332175
historical_profile_pyarrow,2024-12-01 00:01:00,2025-01-01,1,CITYVITP_138KV_1,COAS,11.841109
historical_profile_pyarrow,2024-12-01 00:01:00,2025-01-01,1,PAVLOV_138KV_1,COAS,0.542809
historical_profile_pyarrow,2024-12-01 00:01:00,2025-01-01,1,ESPERANZ_138KV_1,COAS,35.647545
historical_profile_pyarrow,2024-12-01 00:01:00,2025-01-01,1,LAK_138KV_1,COAS,34.408787
historical_profile_pyarrow,2024-12-01 00:01:00,2025-01-01,1,LIM_138KV_1,COAS,27.444864
historical_profile_pyarrow,2024-12-01 00:01:00,2025-01-01,1,BKE_138KV_1,COAS,11.841109
historical_profile_pyarrow,2024-12-01 00:01:00,2025-01-01,1,LINVILLE_138KV_1,COAS,11.841109
historical_profile_pyarrow,2024-12-01 00:01:00,2025-01-01,1,PRXSWNY_138KV_1,COAS,15.302844
historical_profile_pyarrow,2024-12-01 00:01:00,2025-01-01,1,P66SUB6_69KV_1,COAS,0.000000
historical_profile_pyarrow,2024-12-01 00:01:00,2025-01-01,1,ATTWATER_138KV_1,COAS,11.841109
historical_profile_pyarrow,2024-12-01 00:01:00,2025-01-01,1,MCK_138KV_1,COAS,1.871799
historical_profile_pyarrow,2024-12-01 00:01:00,2025-01-01,1,BLACKCAT_138KV_1,COAS,8.245344
historical_profile_pyarrow,2024-12-01 00:01:00,2025-01-01,1,TOPAZ_138KV_1,COAS,11.841109
historical_profile_pyarrow,2024-12-01 00:01:00,2025-01-01,1,BOG_138KV_1,COAS,11.841109
historical_profile_pyarrow,2024-12-01 00:01:00,2025-01-01,1,BOG_34KV_1,COAS,11.841109
historical_profile_pyarrow,2024-12-01 00:01:00,2025-01-01,1,BOG_34KV_2,COAS,11.841109
historical_profile_pyarrow,2024-12-01 00:01:00,2025-01-01,1,BOG_12KV_1,COAS,11.841109
historical_profile_pyarrow,2024-12-01 00:01:00,2025-01-01,1,BOG_12KV_2,COAS,11.841109
historical_profile_pyarrow,2024-12-01 00:01:00,2025-01-01,1,BOG_12KV_3,COAS,11.841109
historical_profile_pyarrow,2024-12-01 00:01:00,2025-01-01,1,BOG_12KV_4,COAS,11.841109
historical_profile_pyarrow,2024-12-01 00:01:00,2025-01-01,1,BOG_1KV_1,COAS,11.841109
historical_profile_pyarrow,2024-12-01 00:01:00,2025-01-01,1,BOG_1KV_2,COAS,11.841109
historical_profile_pyarrow,2024-12-01 00:01:00,2025-01-01,1,BOG_1KV_3,COAS,11.841109
historical_profile_pyarrow,2024-12-01 00:01:00,2025-01-01,1,BOG_1KV_4,COAS,11.841109
historical_profile_pyarrow,2024-12-01 00:01:00,2025-01-01,1,BOG_12KV_5,COAS,11.841109
historical_profile_pyarrow,2024-12-01 00:01:00,2025-01-01,1,BOG_12KV_6,COAS,11.841109
historical_profile_pyarrow,2024-12-01 00:01:00,2025-01-01,1,BOG_12KV_7,COAS,11.841109
historical_profile_pyarrow,2024-12-01 00:01:00,2025-01-01,1,BOG_12KV_8,COAS,11.841109
historical_profile_pyarrow,2024-12-01 00:01:00,2025-01-01,1,SANDCRAB_138KV_1,COAS,7.646442
historical_profile_pyarrow,2024-12-01 00:01:00,2025-01-01,1,LBM3_138KV_1,COAS,0.000000
historical_profile_pyarrow,2024-12-01 00:01:00,2025-01-01,1,GAMBIT_138KV_1,COAS,11.841109
historical_profile_pyarrow,2024-12-01 00:01:00,2025-01-01,1,ENC_138KV_1,COAS,6.641370
historical_profile_pyarrow,2024-12-01 00:01:00,2025-01-01,1,WOR_138KV_1,COAS,11.841109
historical_profile_pyarrow,2024-12-01 00:01:00,2025-01-01,1,WOR_138KV_2,COAS,27.063732
historical_profile_pyarrow,2024-12-01 00:01:00,2025-01-01,1,WOR_138KV_3,COAS,31.361000
historical_profile_pyarrow,2024-12-01 00:01:00,2025-01-01,1,WOR_138KV_4,COAS,30.303925
historical_profile_pyarrow,2024-12-01 00:01:00,2025-01-01,1,PLN_345KV_1,COAS,11.841109
historical_profile_pyarrow,2024-12-01 00:01:00,2025-01-01,1,NCO_138KV_1,COAS,11.841109
historical_profile_pyarrow,2024-12-01 00:01:00,2025-01-01,1,VICTPRT2_138KV_1,COAS,11.841109
historical_profile_pyarrow,2024-12-01 00:01:00,2025-01-01,1,EGL_138KV_1,COAS,11.841109
historical_profile_pyarrow,2024-12-01 00:01:00,2025-01-01,1,PLA_138KV_1,COAS,27.980556
historical_profile_pyarrow,2024-12-01 00:01:00,2025-01-01,1,CCK_345KV_1,COAS,11.841109
historical_profile_pyarrow,2024-12-01 00:01:00,2025-01-01,1,BER_138KV_1,COAS,10.239100
historical_profile_pyarrow,2024-12-01 00:01:00,2025-01-01,1,BCK_345KV_1,COAS,11.841109
historical_profile_pyarrow,2024-12-01 00:01:00,2025-01-01,1,RAB_1KV_1,COAS,11.841109
historical_profile_pyarrow,2024-12-01 00:01:00,2025-01-01,1,RAB_1KV_2,COAS,11.841109
historical_profile_pyarrow,2024-12-01 00:01:00,2025-01-01,1,RAB_1KV_3,COAS,11.841109
historical_profile_pyarrow,2024-12-01 00:01:00,2025-01-01,1,RAB_1KV_4,COAS,11.841109
historical_profile_pyarrow,2024-12-01 00:01:00,2025-01-01,1,RAB_345KV_1,COAS,11.841109
historical_profile_pyarrow,2024-12-01 00:01:00,2025-01-01,1,SAN_138KV_1,COAS,11.841109
historical_profile_pyarrow,2024-12-01 00:01:00,2025-01-01,1,JAY_345KV_1,COAS,11.841109
historical_profile_pyarrow,2024-12-01 00:01:00,2025-01-01,1,WLF_345KV_1,COAS,11.841109
historical_profile_pyarrow,2024-12-01 00:01:00,2025-01-01,1,PRO_138KV_1,COAS,11.841109
historical_profile_pyarrow,2024-12-01 00:01:00,2025-01-01,1,HUG_138KV_1,COAS,11.841109
historical_profile_pyarrow,2024-12-01 00:01:00,2025-01-01,1,RVR_138KV_1,COAS,11.841109
historical_profile_pyarrow,2024-12-01 00:01:00,2025-01-01,1,BEA_138KV_1,COAS,11.841109
historical_profile_pyarrow,2024-12-01 00:01:00,2025-01-01,1,SBE_138KV_1,COAS,11.841109
historical_profile_pyarrow,2024-12-01 00:01:00,2025-01-01,1,MYK_138KV_1,COAS,3.943638
historical_profile_pyarrow,2024-12-01 00:01:00,2025-01-01,1,WLY_345KV_1,COAS,11.841109
historical_profile_pyarrow,2024-12-01 00:01:00,2025-01-01,1,TAV_138KV_1,COAS,11.841109
historical_profile_pyarrow,2024-12-01 00:01:00,2025-01-01,1,LON_138KV_1,COAS,11.841109
historical_profile_pyarrow,2024-12-01 00:01:00,2025-01-01,1,BCH_138KV_1,COAS,11.841109
historical_profile_pyarrow,2024-12-01 00:01:00,2025-01-01,1,DAB_138KV_1,COAS,11.841109
historical_profile_pyarrow,2024-12-01 00:01:00,2025-01-01,1,CAYCE_69KV_1,COAS,11.841109
historical_profile_pyarrow,2024-12-01 00:01:00,2025-01-01,1,CATTAIL_138KV_1,COAS,4.754699
historical_profile_pyarrow,2024-12-01 00:01:00,2025-01-01,1,LIG_138KV_1,COAS,11.841109
historical_profile_pyarrow,2024-12-01 00:01:00,2025-01-01,1,LIG_138KV_2,COAS,11.841109
historical_profile_pyarrow,2024-12-01 00:01:00,2025-01-01,1,ROW_345KV_1,COAS,11.841109
historical_profile_pyarrow,2024-12-01 00:01:00,2025-01-01,1,DAG_138KV_1,COAS,11.841109
historical_profile_pyarrow,2024-12-01 00:01:00,2025-01-01,1,BYRDR_ES_138KV_1,COAS,11.841109
historical_profile_pyarrow,2024-12-01 00:01:00,2025-01-01,1,GALOW_138KV_1,COAS,11.841109
historical_profile_pyarrow,2024-12-01 00:01:00,2025-01-01,1,STL_138KV_1,COAS,26.080821
historical_profile_pyarrow,2024-12-01 00:01:00,2025-01-01,1,MUSTNGCK_138KV_1,COAS,11.841109
historical_profile_pyarrow,2024-12-01 00:01:00,2025-01-01,1,GLF_138KV_1,COAS,11.841109
historical_profile_pyarrow,2024-12-01 00:01:00,2025-01-01,1,ARROZ_138KV_1,COAS,11.841109
historical_profile_pyarrow,2024-12-01 00:01:00,2025-01-01,1,MYR_138KV_1,COAS,11.841109
historical_profile_pyarrow,2024-12-01 00:01:00,2025-01-01,1,TGS_138KV_1,COAS,0.000000
historical_profile_pyarrow,2024-12-01 00:01:00,2025-01-01,1,ACH_138KV_1,COAS,11.841109
historical_profile_pyarrow,2024-12-01 00:01:00,2025-01-01,1,BTM_138KV_1,COAS,11.841109
historical_profile_pyarrow,2024-12-01 00:01:00,2025-01-01,1,DAN_345KV_1,COAS,11.841109
historical_profile_pyarrow,2024-12-01 00:01:00,2025-01-01,1,JON_138KV_1,COAS,11.841109
historical_profile_pyarrow,2024-12-01 00:01:00,2025-01-01,1,CHALMERS_138KV_1,COAS,0.949955
historical_profile_pyarrow,2024-12-01 00:01:00,2025-01-01,1,TREB_SLR_138KV_1,COAS,11.841109
historical_profile_pyarrow,2024-12-01 00:01:00,2025-01-01,1,BROOKTAP_138KV_1,COAS,11.841109
historical_profile_pyarrow,2024-12-01 00:01:00,2025-01-01,1,HOL_345KV_1,COAS,11.841109
historical_profile_pyarrow,2024-12-01 00:01:00,2025-01-01,1,TWN_138KV_1,COAS,11.575946
historical_profile_pyarrow,2024-12-01 00:01:00,2025-01-01,1,P66SUB2_69KV_1,COAS,0.000000
historical_profile_pyarrow,2024-12-01 00:01:00,2025-01-01,1,TORT_ESS_138KV_1,COAS,11.841109
historical_profile_pyarrow,2024-12-01 00:01:00,2025-01-01,1,RBN_138KV_1,COAS,11.841109
historical_profile_pyarrow,2024-12-01 00:01:00,2025-01-01,1,PHO_345KV_1,COAS,11.841109
historical_profile_pyarrow,2024-12-01 00:01:00,2025-01-01,1,PHO_1KV_1,COAS,11.841109
historical_profile_pyarrow,2024-12-01 00:01:00,2025-01-01,1,PHO_1KV_2,COAS,11.841109
historical_profile_pyarrow,2024-12-01 00:01:00,2025-01-01,1,PHO_1KV_3,COAS,11.841109
historical_profile_pyarrow,2024-12-01 00:01:00,2025-01-01,1,FUL_138KV_1,COAS,19.637340
historical_profile_pyarrow,2024-12-01 00:01:00,2025-01-01,1,DNK_138KV_1,COAS,11.841109
historical_profile_pyarrow,2024-12-01 00:01:00,2025-01-01,1,CRAWFISH_138KV_1,COAS,11.841109
historical_profile_pyarrow,2024-12-01 00:01:00,2025-01-01,1,SNU_138KV_1,COAS,11.841109
historical_profile_pyarrow,2024-12-01 00:01:00,2025-01-01,1,PYT_138KV_1,COAS,11.841109
historical_profile_pyarrow,2024-12-01 00:01:00,2025-01-01,1,RIOCOL_69KV_1,COAS,0.065705
historical_profile_pyarrow,2024-12-01 00:01:00,2025-01-01,1,RIOCOLTP_69KV_1,COAS,11.841109
historical_profile_pyarrow,2024-12-01 00:01:00,2025-01-01,1,SBK_138KV_1,COAS,11.841109
historical_profile_pyarrow,2024-12-01 00:01:00,2025-01-01,1,SBK_138KV_4,COAS,11.841109
historical_profile_pyarrow,2024-12-01 00:01:00,2025-01-01,1,HLY_138KV_1,COAS,11.841109
historical_profile_pyarrow,2024-12-01 00:01:00,2025-01-01,1,ADL_138KV_1,COAS,11.841109
historical_profile_pyarrow,2024-12-01 00:01:00,2025-01-01,1,DMA_138KV_1,COAS,11.841109
historical_profile_pyarrow,2024-12-01 00:01:00,2025-01-01,1,JAR_345KV_1,COAS,11.841109
historical_profile_pyarrow,2024-12-01 00:01:00,2025-01-01,1,BET_138KV_1,COAS,4.270701
historical_profile_pyarrow,2024-12-01 00:01:00,2025-01-01,1,HLJ_345KV_1,COAS,11.841109
historical_profile_pyarrow,2024-12-01 00:01:00,2025-01-01,1,PTCOMFOR_69KV_1,COAS,1.517143
historical_profile_pyarrow,2024-12-01 00:01:00,2025-01-01,1,VISTRON_138KV_1,COAS,11.841109
historical_profile_pyarrow,2024-12-01 00:01:00,2025-01-01,1,VISTRON_138KV_2,COAS,11.841109
historical_profile_pyarrow,2024-12-01 00:01:00,2025-01-01,1,BU_138KV_1,COAS,12.268058
historical_profile_pyarrow,2024-12-01 00:01:00,2025-01-01,1,DR_138KV_1,COAS,22.875045
historical_profile_pyarrow,2024-12-01 00:01:00,2025-01-01,1,DR_138KV_2,COAS,10.024259
historical_profile_pyarrow,2024-12-01 00:01:00,2025-01-01,1,HUN_138KV_1,COAS,56.656312
historical_profile_pyarrow,2024-12-01 00:01:00,2025-01-01,1,KW_138KV_1,COAS,46.250530
historical_profile_pyarrow,2024-12-01 00:01:00,2025-01-01,1,BM_138KV_1,COAS,17.175584
historical_profile_pyarrow,2024-12-01 00:01:00,2025-01-01,1,BM_138KV_2,COAS,9.695084
historical_profile_pyarrow,2024-12-01 00:01:00,2025-01-01,1,BM_138KV_3,COAS,9.099850
historical_profile_pyarrow,2024-12-01 00:01:00,2025-01-01,1,PK_138KV_1,COAS,64.191123
historical_profile_pyarrow,2024-12-01 00:01:00,2025-01-01,1,PK_138KV_2,COAS,9.818000
historical_profile_pyarrow,2024-12-01 00:01:00,2025-01-01,1,WD_138KV_1,COAS,26.786601
historical_profile_pyarrow,2024-12-01 00:01:00,2025-01-01,1,WD_138KV_2,COAS,6.518000
historical_profile_pyarrow,2024-12-01 00:01:00,2025-01-01,1,WD_138KV_3,COAS,15.536453
historical_profile_pyarrow,2024-12-01 00:01:00,2025-01-01,1,WD_138KV_4,COAS,11.841109
historical_profile_pyarrow,2024-12-01 00:01:00,2025-01-01,1,FORTRSW_69KV_1,COAS,11.841109
historical_profile_pyarrow,2024-12-01 00:01:00,2025-01-01,1,LB_138KV_1,COAS,13.040830
historical_profile_pyarrow,2024-12-01 00:01:00,2025-01-01,1,LB_138KV_2,COAS,12.392000
historical_profile_pyarrow,2024-12-01 00:01:00,2025-01-01,1,LB_138KV_3,COAS,12.961714
historical_profile_pyarrow,2024-12-01 00:01:00,2025-01-01,1,LB_138KV_4,COAS,0.000000
historical_profile_pyarrow,2024-12-01 00:01:00,2025-01-01,1,SUNNYS_69KV_1,COAS,1.949253
historical_profile_pyarrow,2024-12-01 00:01:00,2025-01-01,1,SUNNYS_69KV_2,COAS,11.841109
historical_profile_pyarrow,2024-12-01 00:01:00,2025-01-01,1,BV_138KV_1,COAS,26.193405
historical_profile_pyarrow,2024-12-01 00:01:00,2025-01-01,1,PLACEDO_69KV_1,COAS,4.024403
historical_profile_pyarrow,2024-12-01 00:01:00,2025-01-01,1,CLEMVILL_69KV_1,COAS,0.099235
historical_profile_pyarrow,2024-12-01 00:01:00,2025-01-01,1,BEN_138KV_1,COAS,3.412195
historical_profile_pyarrow,2024-12-01 00:01:00,2025-01-01,1,BAR_138KV_1,COAS,24.401974
historical_profile_pyarrow,2024-12-01 00:01:00,2025-01-01,1,BAR_138KV_2,COAS,51.267316
historical_profile_pyarrow,2024-12-01 00:01:00,2025-01-01,1,BAR_138KV_3,COAS,11.841109
historical_profile_pyarrow,2024-12-01 00:01:00,2025-01-01,1,ME_138KV_1,COAS,18.111000
historical_profile_pyarrow,2024-12-01 00:01:00,2025-01-01,1,ME_138KV_2,COAS,8.427303
historical_profile_pyarrow,2024-12-01 00:01:00,2025-01-01,1,ME_138KV_3,COAS,11.841109
historical_profile_pyarrow,2024-12-01 00:01:00,2025-01-01,1,HIM_138KV_1,COAS,32.939318
historical_profile_pyarrow,2024-12-01 00:01:00,2025-01-01,1,KDL_345KV_1,COAS,26.472455
historical_profile_pyarrow,2024-12-01 00:01:00,2025-01-01,1,KDL_345KV_2,COAS,25.692564
historical_profile_pyarrow,2024-12-01 00:01:00,2025-01-01,1,KDL_345KV_3,COAS,11.841109
historical_profile_pyarrow,2024-12-01 00:01:00,2025-01-01,1,KDL_345KV_4,COAS,11.841109
historical_profile_pyarrow,2024-12-01 00:01:00,2025-01-01,1,KL_138KV_1,COAS,57.440240
historical_profile_pyarrow,2024-12-01 00:01:00,2025-01-01,1,LW_138KV_1,COAS,47.699221
historical_profile_pyarrow,2024-12-01 00:01:00,2025-01-01,1,LW_138KV_2,COAS,11.841109
historical_profile_pyarrow,2024-12-01 00:01:00,2025-01-01,1,LW_138KV_3,COAS,36.748783
historical_profile_pyarrow,2024-12-01 00:01:00,2025-01-01,1,LW_138KV_4,COAS,24.811172
historical_profile_pyarrow,2024-12-01 00:01:00,2025-01-01,1,LW_138KV_5,COAS,0.000000
historical_profile_pyarrow,2024-12-01 00:01:00,2025-01-01,1,CBEC_138KV_1,COAS,11.841109
historical_profile_pyarrow,2024-12-01 00:01:00,2025-01-01,1,EP_138KV_1,COAS,17.932643
historical_profile_pyarrow,2024-12-01 00:01:00,2025-01-01,1,EC_138KV_1,COAS,23.386052
historical_profile_pyarrow,2024-12-01 00:01:00,2025-01-01,1,EC_138KV_2,COAS,17.025928
historical_profile_pyarrow,2024-12-01 00:01:00,2025-01-01,1,CTR_345KV_1,COAS,11.841109
historical_profile_pyarrow,2024-12-01 00:01:00,2025-01-01,1,OVILASW_69KV_1,COAS,11.841109
historical_profile_pyarrow,2024-12-01 00:01:00,2025-01-01,1,GOHLKE_138KV_1,COAS,2.148529
historical_profile_pyarrow,2024-12-01 00:01:00,2025-01-01,1,DOWGEN_14KV_7,COAS,0.000000
historical_profile_pyarrow,2024-12-01 00:01:00,2025-01-01,1,DOWGEN_14KV_13,COAS,11.841109
historical_profile_pyarrow,2024-12-01 00:01:00,2025-01-01,1,DOWGEN_14KV_14,COAS,11.841109
historical_profile_pyarrow,2024-12-01 00:01:00,2025-01-01,1,DOWGEN_14KV_15,COAS,11.841109
historical_profile_pyarrow,2024-12-01 00:01:00,2025-01-01,1,DOWGEN_14KV_16,COAS,11.841109
historical_profile_pyarrow,2024-12-01 00:01:00,2025-01-01,1,DOWGEN_14KV_17,COAS,11.841109
historical_profile_pyarrow,2024-12-01 00:01:00,2025-01-01,1,DOWGEN_14KV_18,COAS,0.000000
historical_profile_pyarrow,2024-12-01 00:01:00,2025-01-01,1,DOWGEN_138KV_1,COAS,11.841109
historical_profile_pyarrow,2024-12-01 00:01:00,2025-01-01,1,DOWGEN_138KV_2,COAS,0.000000
historical_profile_pyarrow,2024-12-01 00:01:00,2025-01-01,1,DOWGEN_138KV_3,COAS,0.000000
historical_profile_pyarrow,2024-12-01 00:01:00,2025-01-01,1,DOWGEN_138KV_4,COAS,0.000000
historical_profile_pyarrow,2024-12-01 00:01:00,2025-01-01,1,DOWGEN_138KV_5,COAS,11.841109
historical_profile_pyarrow,2024-12-01 00:01:00,2025-01-01,1,DOWGEN_138KV_6,COAS,11.841109
historical_profile_pyarrow,2024-12-01 00:01:00,2025-01-01,1,DOWGEN_138KV_7,COAS,11.841109
historical_profile_pyarrow,2024-12-01 00:01:00,2025-01-01,1,DOWGEN_138KV_8,COAS,11.841109
historical_profile_pyarrow,2024-12-01 00:01:00,2025-01-01,1,DOWGEN_138KV_9,COAS,0.000000
historical_profile_pyarrow,2024-12-01 00:01:00,2025-01-01,1,DOWGEN_138KV_10,COAS,11.841109
historical_profile_pyarrow,2024-12-01 00:01:00,2025-01-01,1,DOWGEN_138KV_11,COAS,11.841109
historical_profile_pyarrow,2024-12-01 00:01:00,2025-01-01,1,DOWGEN_138KV_12,COAS,11.841109
historical_profile_pyarrow,2024-12-01 00:01:00,2025-01-01,1,DOWGEN_138KV_13,COAS,11.841109
historical_profile_pyarrow,2024-12-01 00:01:00,2025-01-01,1,DOWGEN_138KV_14,COAS,11.841109
historical_profile_pyarrow,2024-12-01 00:01:00,2025-01-01,1,DOWGEN_1KV_1,COAS,11.841109
historical_profile_pyarrow,2024-12-01 00:01:00,2025-01-01,1,DOWGEN_14KV_19,COAS,0.617224
historical_profile_pyarrow,2024-12-01 00:01:00,2025-01-01,1,DOWGEN_138KV_16,COAS,243.034794
historical_profile_pyarrow,2024-12-01 00:01:00,2025-01-01,1,DOWGEN_138KV_17,COAS,134.958106
historical_profile_pyarrow,2024-12-01 00:01:00,2025-01-01,1,DOWGEN_138KV_18,COAS,11.841109
historical_profile_pyarrow,2024-12-01 00:01:00,2025-01-01,1,DOWGEN_14KV_21,COAS,0.008906
historical_profile_pyarrow,2024-12-01 00:01:00,2025-01-01,1,DOWGEN_1KV_2,COAS,11.841109
historical_profile_pyarrow,2024-12-01 00:01:00,2025-01-01,1,BLCBAYU4_138KV_1,COAS,2.509701
historical_profile_pyarrow,2024-12-01 00:01:00,2025-01-01,1,LOM_138KV_1,COAS,25.750292
historical_profile_pyarrow,2024-12-01 00:01:00,2025-01-01,1,LOLITA_138KV_1,COAS,1.291201
historical_profile_pyarrow,2024-12-01 00:01:00,2025-01-01,1,PLACIOS_69KV_1,COAS,1.741156
historical_profile_pyarrow,2024-12-01 00:01:00,2025-01-01,1,LH_138KV_1,COAS,11.415468
historical_profile_pyarrow,2024-12-01 00:01:00,2025-01-01,1,WBY_138KV_1,COAS,3.747451
historical_profile_pyarrow,2024-12-01 00:01:00,2025-01-01,1,WBY_138KV_2,COAS,2.518222
historical_profile_pyarrow,2024-12-01 00:01:00,2025-01-01,1,PO_138KV_1,COAS,17.153013
historical_profile_pyarrow,2024-12-01 00:01:00,2025-01-01,1,PO_138KV_2,COAS,7.665500
historical_profile_pyarrow,2024-12-01 00:01:00,2025-01-01,1,PO_138KV_3,COAS,9.380361
historical_profile_pyarrow,2024-12-01 00:01:00,2025-01-01,1,PO_138KV_4,COAS,11.841109
historical_profile_pyarrow,2024-12-01 00:01:00,2025-01-01,1,EDNAS_69KV_1,COAS,7.434857
historical_profile_pyarrow,2024-12-01 00:01:00,2025-01-01,1,ARM_138KV_1,COAS,14.212532
historical_profile_pyarrow,2024-12-01 00:01:00,2025-01-01,1,FL_138KV_1,COAS,95.360286
historical_profile_pyarrow,2024-12-01 00:01:00,2025-01-01,1,KB_138KV_1,COAS,28.568539
historical_profile_pyarrow,2024-12-01 00:01:00,2025-01-01,1,KB_138KV_2,COAS,12.085000
historical_profile_pyarrow,2024-12-01 00:01:00,2025-01-01,1,KB_138KV_3,COAS,20.705430
historical_profile_pyarrow,2024-12-01 00:01:00,2025-01-01,1,TEJAS_138KV_1,COAS,12.414033
historical_profile_pyarrow,2024-12-01 00:01:00,2025-01-01,1,GA_138KV_1,COAS,21.437273
historical_profile_pyarrow,2024-12-01 00:01:00,2025-01-01,1,GA_138KV_2,COAS,11.841109
historical_profile_pyarrow,2024-12-01 00:01:00,2025-01-01,1,GA_138KV_3,COAS,11.732352
historical_profile_pyarrow,2024-12-01 00:01:00,2025-01-01,1,GT_138KV_1,COAS,44.002032
historical_profile_pyarrow,2024-12-01 00:01:00,2025-01-01,1,GT_138KV_2,COAS,52.973833
historical_profile_pyarrow,2024-12-01 00:01:00,2025-01-01,1,SW_138KV_1,COAS,13.008389
historical_profile_pyarrow,2024-12-01 00:01:00,2025-01-01,1,SW_138KV_2,COAS,11.941248
historical_profile_pyarrow,2024-12-01 00:01:00,2025-01-01,1,DOL_138KV_1,COAS,4.691111
historical_profile_pyarrow,2024-12-01 00:01:00,2025-01-01,1,LP_138KV_1,COAS,5.738818
historical_profile_pyarrow,2024-12-01 00:01:00,2025-01-01,1,LP_138KV_2,COAS,13.807800
historical_profile_pyarrow,2024-12-01 00:01:00,2025-01-01,1,LP_138KV_3,COAS,11.841109
historical_profile_pyarrow,2024-12-01 00:01:00,2025-01-01,1,LP_138KV_4,COAS,13.755464
historical_profile_pyarrow,2024-12-01 00:01:00,2025-01-01,1,TB_345KV_1,COAS,11.841109
historical_profile_pyarrow,2024-12-01 00:01:00,2025-01-01,1,TB_138KV_1,COAS,45.846597
historical_profile_pyarrow,2024-12-01 00:01:00,2025-01-01,1,TB_138KV_2,COAS,31.350912
historical_profile_pyarrow,2024-12-01 00:01:00,2025-01-01,1,TB_1KV_1,COAS,11.841109
historical_profile_pyarrow,2024-12-01 00:01:00,2025-01-01,1,TB_1KV_2,COAS,11.841109
historical_profile_pyarrow,2024-12-01 00:01:00,2025-01-01,1,TB_23KV_1,COAS,11.841109
historical_profile_pyarrow,2024-12-01 00:01:00,2025-01-01,1,TB_23KV_2,COAS,11.841109
historical_profile_pyarrow,2024-12-01 00:01:00,2025-01-01,1,BOR_138KV_1,COAS,1.250909
historical_profile_pyarrow,2024-12-01 00:01:00,2025-01-01,1,CAC_138KV_1,COAS,5.664987
historical_profile_pyarrow,2024-12-01 00:01:00,2025-01-01,1,CAC_138KV_2,COAS,8.028333
historical_profile_pyarrow,2024-12-01 00:01:00,2025-01-01,1,CAC_138KV_3,COAS,11.841109
historical_profile_pyarrow,2024-12-01 00:01:00,2025-01-01,1,CAC_138KV_4,COAS,11.841109
historical_profile_pyarrow,2024-12-01 00:01:00,2025-01-01,1,VICTORIA_138KV_1,COAS,11.841109
historical_profile_pyarrow,2024-12-01 00:01:00,2025-01-01,1,VICTORIA_69KV_1,COAS,9.162714
historical_profile_pyarrow,2024-12-01 00:01:00,2025-01-01,1,VICTORIA_138KV_2,COAS,11.841109
historical_profile_pyarrow,2024-12-01 00:01:00,2025-01-01,1,VICTORIA_138KV_3,COAS,11.841109
historical_profile_pyarrow,2024-12-01 00:01:00,2025-01-01,1,BYR_138KV_1,COAS,15.446556
historical_profile_pyarrow,2024-12-01 00:01:00,2025-01-01,1,BST_138KV_1,COAS,0.745907
historical_profile_pyarrow,2024-12-01 00:01:00,2025-01-01,1,BST_138KV_2,COAS,11.841109
historical_profile_pyarrow,2024-12-01 00:01:00,2025-01-01,1,MNT_138KV_1,COAS,39.514318
historical_profile_pyarrow,2024-12-01 00:01:00,2025-01-01,1,NS_138KV_1,COAS,8.932500
historical_profile_pyarrow,2024-12-01 00:01:00,2025-01-01,1,NS_138KV_2,COAS,14.196582
historical_profile_pyarrow,2024-12-01 00:01:00,2025-01-01,1,NS_138KV_3,COAS,11.841109
historical_profile_pyarrow,2024-12-01 00:01:00,2025-01-01,1,NS_138KV_4,COAS,11.841109
historical_profile_pyarrow,2024-12-01 00:01:00,2025-01-01,1,MTL_138KV_1,COAS,1.879026
historical_profile_pyarrow,2024-12-01 00:01:00,2025-01-01,1,PLCEDOS_69KV_1,COAS,2.163136
historical_profile_pyarrow,2024-12-01 00:01:00,2025-01-01,1,BRN_138KV_1,COAS,0.154789
historical_profile_pyarrow,2024-12-01 00:01:00,2025-01-01,1,CADDOTN_138KV_1,COAS,11.841109
historical_profile_pyarrow,2024-12-01 00:01:00,2025-01-01,1,SOE_138KV_1,COAS,5.854760
historical_profile_pyarrow,2024-12-01 00:01:00,2025-01-01,1,JES_138KV_1,COAS,2.438405
historical_profile_pyarrow,2024-12-01 00:01:00,2025-01-01,1,JES_138KV_2,COAS,11.841109
historical_profile_pyarrow,2024-12-01 00:01:00,2025-01-01,1,JES_138KV_3,COAS,11.841109
historical_profile_pyarrow,2024-12-01 00:01:00,2025-01-01,1,JES_138KV_4,COAS,11.841109
historical_profile_pyarrow,2024-12-01 00:01:00,2025-01-01,1,JES_138KV_5,COAS,11.841109
historical_profile_pyarrow,2024-12-01 00:01:00,2025-01-01,1,JES_138KV_6,COAS,11.841109
historical_profile_pyarrow,2024-12-01 00:01:00,2025-01-01,1,ELTORS_69KV_1,COAS,1.315753
historical_profile_pyarrow,2024-12-01 00:01:00,2025-01-01,1,SRB_138KV_1,COAS,11.841109
historical_profile_pyarrow,2024-12-01 00:01:00,2025-01-01,1,WE_138KV_1,COAS,9.546322
historical_profile_pyarrow,2024-12-01 00:01:00,2025-01-01,1,WE_138KV_2,COAS,0.000000
historical_profile_pyarrow,2024-12-01 00:01:00,2025-01-01,1,WE_138KV_3,COAS,8.190538
historical_profile_pyarrow,2024-12-01 00:01:00,2025-01-01,1,WE_138KV_4,COAS,11.841109
historical_profile_pyarrow,2024-12-01 00:01:00,2025-01-01,1,UL_138KV_1,COAS,31.272713
historical_profile_pyarrow,2024-12-01 00:01:00,2025-01-01,1,UL_138KV_2,COAS,30.989182
historical_profile_pyarrow,2024-12-01 00:01:00,2025-01-01,1,UL_138KV_3,COAS,11.841109
historical_profile_pyarrow,2024-12-01 00:01:00,2025-01-01,1,SI_138KV_1,COAS,0.415934
historical_profile_pyarrow,2024-12-01 00:01:00,2025-01-01,1,DOW_138KV_1,COAS,11.841109
historical_profile_pyarrow,2024-12-01 00:01:00,2025-01-01,1,DOW_345KV_1,COAS,11.841109
historical_profile_pyarrow,2024-12-01 00:01:00,2025-01-01,1,DOW_138KV_2,COAS,11.841109
historical_profile_pyarrow,2024-12-01 00:01:00,2025-01-01,1,DOW_138KV_3,COAS,11.841109
historical_profile_pyarrow,2024-12-01 00:01:00,2025-01-01,1,DOW_1KV_1,COAS,11.841109
historical_profile_pyarrow,2024-12-01 00:01:00,2025-01-01,1,DOW_23KV_1,COAS,11.841109
historical_profile_pyarrow,2024-12-01 00:01:00,2025-01-01,1,DOW_14KV_1,COAS,0.000000
historical_profile_pyarrow,2024-12-01 00:01:00,2025-01-01,1,DOW_14KV_2,COAS,0.000000
historical_profile_pyarrow,2024-12-01 00:01:00,2025-01-01,1,DOW_1KV_2,COAS,11.841109
historical_profile_pyarrow,2024-12-01 00:01:00,2025-01-01,1,DOW_1KV_3,COAS,11.841109
historical_profile_pyarrow,2024-12-01 00:01:00,2025-01-01,1,DOW_138KV_4,COAS,11.841109
historical_profile_pyarrow,2024-12-01 00:01:00,2025-01-01,1,DOW_1KV_4,COAS,11.841109
historical_profile_pyarrow,2024-12-01 00:01:00,2025-01-01,1,DOW_14KV_3,COAS,0.000000
historical_profile_pyarrow,2024-12-01 00:01:00,2025-01-01,1,DOW_1KV_5,COAS,11.841109
historical_profile_pyarrow,2024-12-01 00:01:00,2025-01-01,1,DOW_23KV_2,COAS,11.841109
historical_profile_pyarrow,2024-12-01 00:01:00,2025-01-01,1,DOW_138KV_5,COAS,11.841109
historical_profile_pyarrow,2024-12-01 00:01:00,2025-01-01,1,DOW_1KV_6,COAS,11.841109
historical_profile_pyarrow,2024-12-01 00:01:00,2025-01-01,1,DOW_14KV_4,COAS,0.000000
historical_profile_pyarrow,2024-12-01 00:01:00,2025-01-01,1,DOW_138KV_6,COAS,11.841109
historical_profile_pyarrow,2024-12-01 00:01:00,2025-01-01,1,NORTHSDE_69KV_1,COAS,12.627318
historical_profile_pyarrow,2024-12-01 00:01:00,2025-01-01,1,WEAVERRD_69KV_1,COAS,2.078980
historical_profile_pyarrow,2024-12-01 00:01:00,2025-01-01,1,CELANEBC_138KV_1,COAS,6.709013
historical_profile_pyarrow,2024-12-01 00:01:00,2025-01-01,1,CELANEBC_138KV_2,COAS,7.446621
historical_profile_pyarrow,2024-12-01 00:01:00,2025-01-01,1,AN_138KV_1,COAS,39.694961
historical_profile_pyarrow,2024-12-01 00:01:00,2025-01-01,1,SIE_138KV_1,COAS,38.827669
historical_profile_pyarrow,2024-12-01 00:01:00,2025-01-01,1,SIE_138KV_2,COAS,11.841109
historical_profile_pyarrow,2024-12-01 00:01:00,2025-01-01,1,SIE_138KV_3,COAS,11.841109
historical_profile_pyarrow,2024-12-01 00:01:00,2025-01-01,1,SIE_138KV_4,COAS,14.194816
historical_profile_pyarrow,2024-12-01 00:01:00,2025-01-01,1,SEP_138KV_1,COAS,3.691260
historical_profile_pyarrow,2024-12-01 00:01:00,2025-01-01,1,CE_138KV_1,COAS,34.948695
historical_profile_pyarrow,2024-12-01 00:01:00,2025-01-01,1,PI_138KV_1,COAS,75.723704
historical_profile_pyarrow,2024-12-01 00:01:00,2025-01-01,1,FP_138KV_1,COAS,11.619253
historical_profile_pyarrow,2024-12-01 00:01:00,2025-01-01,1,RMOTTSW_69KV_1,COAS,11.841109
historical_profile_pyarrow,2024-12-01 00:01:00,2025-01-01,1,LAMARQUE_69KV_1,COAS,10.904578
historical_profile_pyarrow,2024-12-01 00:01:00,2025-01-01,1,KT_138KV_1,COAS,25.024867
historical_profile_pyarrow,2024-12-01 00:01:00,2025-01-01,1,KT_138KV_2,COAS,82.511941
historical_profile_pyarrow,2024-12-01 00:01:00,2025-01-01,1,KT_138KV_3,COAS,41.309000
historical_profile_pyarrow,2024-12-01 00:01:00,2025-01-01,1,SOL_138KV_1,COAS,58.780649
historical_profile_pyarrow,2024-12-01 00:01:00,2025-01-01,1,DANEVAS_69KV_1,COAS,4.302110
historical_profile_pyarrow,2024-12-01 00:01:00,2025-01-01,1,TM_138KV_1,COAS,11.841109
historical_profile_pyarrow,2024-12-01 00:01:00,2025-01-01,1,TM_138KV_2,COAS,11.841109
historical_profile_pyarrow,2024-12-01 00:01:00,2025-01-01,1,TM_138KV_3,COAS,0.860144
historical_profile_pyarrow,2024-12-01 00:01:00,2025-01-01,1,TM_138KV_4,COAS,0.703281
historical_profile_pyarrow,2024-12-01 00:01:00,2025-01-01,1,EX_138KV_1,COAS,3.382416
historical_profile_pyarrow,2024-12-01 00:01:00,2025-01-01,1,CHL_138KV_1,COAS,70.774783
historical_profile_pyarrow,2024-12-01 00:01:00,2025-01-01,1,GY_69KV_1,COAS,4.423359
historical_profile_pyarrow,2024-12-01 00:01:00,2025-01-01,1,WADSWORT_138KV_1,COAS,3.830870
historical_profile_pyarrow,2024-12-01 00:01:00,2025-01-01,1,JP_138KV_1,COAS,25.067812
historical_profile_pyarrow,2024-12-01 00:01:00,2025-01-01,1,KN_138KV_1,COAS,11.841109
historical_profile_pyarrow,2024-12-01 00:01:00,2025-01-01,1,KN_138KV_2,COAS,13.130864
historical_profile_pyarrow,2024-12-01 00:01:00,2025-01-01,1,KN_138KV_3,COAS,11.841109
historical_profile_pyarrow,2024-12-01 00:01:00,2025-01-01,1,KN_138KV_4,COAS,13.931662
historical_profile_pyarrow,2024-12-01 00:01:00,2025-01-01,1,WZ_138KV_1,COAS,49.148338
historical_profile_pyarrow,2024-12-01 00:01:00,2025-01-01,1,WZ_138KV_2,COAS,11.841109
historical_profile_pyarrow,2024-12-01 00:01:00,2025-01-01,1,WZ_138KV_3,COAS,27.618669
historical_profile_pyarrow,2024-12-01 00:01:00,2025-01-01,1,SC_138KV_1,COAS,12.066032
historical_profile_pyarrow,2024-12-01 00:01:00,2025-01-01,1,SC_69KV_1,COAS,11.841109
historical_profile_pyarrow,2024-12-01 00:01:00,2025-01-01,1,SC_1KV_1,COAS,11.841109
historical_profile_pyarrow,2024-12-01 00:01:00,2025-01-01,1,SC_13KV_1,COAS,11.841109
historical_profile_pyarrow,2024-12-01 00:01:00,2025-01-01,1,SEMINOLE_138KV_1,COAS,4.615532
historical_profile_pyarrow,2024-12-01 00:01:00,2025-01-01,1,DYN_138KV_1,COAS,11.841109
historical_profile_pyarrow,2024-12-01 00:01:00,2025-01-01,1,TKR_138KV_1,COAS,3.600877
historical_profile_pyarrow,2024-12-01 00:01:00,2025-01-01,1,OLIVIAS_69KV_1,COAS,1.536812
historical_profile_pyarrow,2024-12-01 00:01:00,2025-01-01,1,RO_138KV_1,COAS,46.520773
historical_profile_pyarrow,2024-12-01 00:01:00,2025-01-01,1,RT_138KV_1,COAS,2.504532
historical_profile_pyarrow,2024-12-01 00:01:00,2025-01-01,1,RT_138KV_2,COAS,11.841109
historical_profile_pyarrow,2024-12-01 00:01:00,2025-01-01,1,RT_138KV_3,COAS,11.841109
historical_profile_pyarrow,2024-12-01 00:01:00,2025-01-01,1,RT_138KV_4,COAS,11.841109
historical_profile_pyarrow,2024-12-01 00:01:00,2025-01-01,1,RT_138KV_5,COAS,11.841109
historical_profile_pyarrow,2024-12-01 00:01:00,2025-01-01,1,SR_138KV_1,COAS,25.361474
historical_profile_pyarrow,2024-12-01 00:01:00,2025-01-01,1,SR_138KV_2,COAS,18.692362
historical_profile_pyarrow,2024-12-01 00:01:00,2025-01-01,1,HT_138KV_1,COAS,11.055903
historical_profile_pyarrow,2024-12-01 00:01:00,2025-01-01,1,HT_138KV_2,COAS,18.291435
historical_profile_pyarrow,2024-12-01 00:01:00,2025-01-01,1,HT_138KV_3,COAS,9.841423
historical_profile_pyarrow,2024-12-01 00:01:00,2025-01-01,1,HT_138KV_4,COAS,11.841109
historical_profile_pyarrow,2024-12-01 00:01:00,2025-01-01,1,IND_138KV_1,COAS,8.864809
historical_profile_pyarrow,2024-12-01 00:01:00,2025-01-01,1,INDPK9_69KV_1,COAS,1.245234
historical_profile_pyarrow,2024-12-01 00:01:00,2025-01-01,1,CN_138KV_1,COAS,0.000000
historical_profile_pyarrow,2024-12-01 00:01:00,2025-01-01,1,MIDWESTS_69KV_1,COAS,0.207908
historical_profile_pyarrow,2024-12-01 00:01:00,2025-01-01,1,APACHE_138KV_1,COAS,11.841109
historical_profile_pyarrow,2024-12-01 00:01:00,2025-01-01,1,MDY_138KV_1,COAS,9.937630
historical_profile_pyarrow,2024-12-01 00:01:00,2025-01-01,1,HL_138KV_1,COAS,10.456000
historical_profile_pyarrow,2024-12-01 00:01:00,2025-01-01,1,HL_138KV_2,COAS,11.914179
historical_profile_pyarrow,2024-12-01 00:01:00,2025-01-01,1,HL_138KV_3,COAS,11.562000
historical_profile_pyarrow,2024-12-01 00:01:00,2025-01-01,1,HL_138KV_4,COAS,13.908265
historical_profile_pyarrow,2024-12-01 00:01:00,2025-01-01,1,ALCOA_138KV_1,COAS,0.327380
historical_profile_pyarrow,2024-12-01 00:01:00,2025-01-01,1,ALCOA_138KV_2,COAS,1.159203
historical_profile_pyarrow,2024-12-01 00:01:00,2025-01-01,1,RS_138KV_1,COAS,27.663883
historical_profile_pyarrow,2024-12-01 00:01:00,2025-01-01,1,RIN_138KV_1,COAS,22.051390
historical_profile_pyarrow,2024-12-01 00:01:00,2025-01-01,1,DPW_345KV_1,COAS,11.841109
historical_profile_pyarrow,2024-12-01 00:01:00,2025-01-01,1,DPW_69KV_1,COAS,11.841109
historical_profile_pyarrow,2024-12-01 00:01:00,2025-01-01,1,DPW_138KV_1,COAS,11.841109
historical_profile_pyarrow,2024-12-01 00:01:00,2025-01-01,1,DPW_1KV_1,COAS,11.841109
historical_profile_pyarrow,2024-12-01 00:01:00,2025-01-01,1,DPW_23KV_1,COAS,11.841109
historical_profile_pyarrow,2024-12-01 00:01:00,2025-01-01,1,LJ_138KV_1,COAS,31.475292
historical_profile_pyarrow,2024-12-01 00:01:00,2025-01-01,1,NEW_138KV_1,COAS,7.279662
historical_profile_pyarrow,2024-12-01 00:01:00,2025-01-01,1,SEAWAY_138KV_1,COAS,8.106935
historical_profile_pyarrow,2024-12-01 00:01:00,2025-01-01,1,LK_138KV_1,COAS,33.375424
historical_profile_pyarrow,2024-12-01 00:01:00,2025-01-01,1,FT_138KV_1,COAS,26.757403
historical_profile_pyarrow,2024-12-01 00:01:00,2025-01-01,1,FT_138KV_2,COAS,29.299583
historical_profile_pyarrow,2024-12-01 00:01:00,2025-01-01,1,FT_138KV_3,COAS,11.805307
historical_profile_pyarrow,2024-12-01 00:01:00,2025-01-01,1,TXCTY_138KV_1,COAS,0.000000
historical_profile_pyarrow,2024-12-01 00:01:00,2025-01-01,1,WRN_138KV_1,COAS,75.835948
historical_profile_pyarrow,2024-12-01 00:01:00,2025-01-01,1,MACEDO_138KV_1,COAS,8.781688
historical_profile_pyarrow,2024-12-01 00:01:00,2025-01-01,1,PALTIETP_69KV_1,COAS,11.841109
historical_profile_pyarrow,2024-12-01 00:01:00,2025-01-01,1,SCW_138KV_1,COAS,5.051797
historical_profile_pyarrow,2024-12-01 00:01:00,2025-01-01,1,SCW_138KV_2,COAS,13.290809
historical_profile_pyarrow,2024-12-01 00:01:00,2025-01-01,1,NCLMVLS_69KV_1,COAS,3.247942
historical_profile_pyarrow,2024-12-01 00:01:00,2025-01-01,1,GR_138KV_1,COAS,7.320900
historical_profile_pyarrow,2024-12-01 00:01:00,2025-01-01,1,GR_138KV_2,COAS,0.000000
historical_profile_pyarrow,2024-12-01 00:01:00,2025-01-01,1,GR_138KV_3,COAS,6.104430
historical_profile_pyarrow,2024-12-01 00:01:00,2025-01-01,1,GR_138KV_4,COAS,0.000000
historical_profile_pyarrow,2024-12-01 00:01:00,2025-01-01,1,LM_138KV_1,COAS,6.044299
historical_profile_pyarrow,2024-12-01 00:01:00,2025-01-01,1,SOUSHORE_138KV_1,COAS,22.859299
historical_profile_pyarrow,2024-12-01 00:01:00,2025-01-01,1,NA_138KV_1,COAS,11.841109
historical_profile_pyarrow,2024-12-01 00:01:00,2025-01-01,1,NA_12KV_3,COAS,0.000000
historical_profile_pyarrow,2024-12-01 00:01:00,2025-01-01,1,NA_12KV_4,COAS,0.000000
historical_profile_pyarrow,2024-12-01 00:01:00,2025-01-01,1,NA_12KV_6,COAS,0.000000
historical_profile_pyarrow,2024-12-01 00:01:00,2025-01-01,1,CI_138KV_1,COAS,4.777935
historical_profile_pyarrow,2024-12-01 00:01:00,2025-01-01,1,DKR_138KV_1,COAS,61.596230
historical_profile_pyarrow,2024-12-01 00:01:00,2025-01-01,1,PHR_138KV_1,COAS,11.841109
historical_profile_pyarrow,2024-12-01 00:01:00,2025-01-01,1,PHR_138KV_2,COAS,11.841109
historical_profile_pyarrow,2024-12-01 00:01:00,2025-01-01,1,PHR_345KV_1,COAS,11.841109
historical_profile_pyarrow,2024-12-01 00:01:00,2025-01-01,1,PHR_138KV_3,COAS,4.519141
historical_profile_pyarrow,2024-12-01 00:01:00,2025-01-01,1,PHR_138KV_4,COAS,7.690073
historical_profile_pyarrow,2024-12-01 00:01:00,2025-01-01,1,PHR_1KV_1,COAS,11.841109
historical_profile_pyarrow,2024-12-01 00:01:00,2025-01-01,1,PHR_23KV_1,COAS,11.841109
historical_profile_pyarrow,2024-12-01 00:01:00,2025-01-01,1,PHR_23KV_2,COAS,11.841109
historical_profile_pyarrow,2024-12-01 00:01:00,2025-01-01,1,PHR_23KV_3,COAS,11.841109
historical_profile_pyarrow,2024-12-01 00:01:00,2025-01-01,1,PHR_1KV_2,COAS,11.841109
historical_profile_pyarrow,2024-12-01 00:01:00,2025-01-01,1,PHR_1KV_3,COAS,11.841109
historical_profile_pyarrow,2024-12-01 00:01:00,2025-01-01,1,PHR_1KV_4,COAS,11.841109
historical_profile_pyarrow,2024-12-01 00:01:00,2025-01-01,1,PHR_23KV_4,COAS,11.841109
historical_profile_pyarrow,2024-12-01 00:01:00,2025-01-01,1,AM_138KV_1,COAS,11.841109
historical_profile_pyarrow,2024-12-01 00:01:00,2025-01-01,1,AM_138KV_2,COAS,11.841109
historical_profile_pyarrow,2024-12-01 00:01:00,2025-01-01,1,AM_138KV_3,COAS,18.170197
historical_profile_pyarrow,2024-12-01 00:01:00,2025-01-01,1,AM_138KV_4,COAS,10.834120
historical_profile_pyarrow,2024-12-01 00:01:00,2025-01-01,1,KNY_138KV_1,COAS,12.150102
historical_profile_pyarrow,2024-12-01 00:01:00,2025-01-01,1,KNY_138KV_2,COAS,7.813130
historical_profile_pyarrow,2024-12-01 00:01:00,2025-01-01,1,KNY_138KV_3,COAS,11.841109
historical_profile_pyarrow,2024-12-01 00:01:00,2025-01-01,1,HE_69KV_1,COAS,46.828299
historical_profile_pyarrow,2024-12-01 00:01:00,2025-01-01,1,RE_138KV_1,COAS,42.186000
historical_profile_pyarrow,2024-12-01 00:01:00,2025-01-01,1,TS_138KV_1,COAS,15.814870
historical_profile_pyarrow,2024-12-01 00:01:00,2025-01-01,1,FRWYPARK_138KV_1,COAS,21.334362
historical_profile_pyarrow,2024-12-01 00:01:00,2025-01-01,1,EAB_138KV_1,COAS,4.568240
historical_profile_pyarrow,2024-12-01 00:01:00,2025-01-01,1,KI_138KV_1,COAS,68.234864
historical_profile_pyarrow,2024-12-01 00:01:00,2025-01-01,1,BBP_138KV_1,COAS,0.000000
historical_profile_pyarrow,2024-12-01 00:01:00,2025-01-01,1,BBP_13KV_1,COAS,0.000000
historical_profile_pyarrow,2024-12-01 00:01:00,2025-01-01,1,BBP_13KV_2,COAS,0.000000
historical_profile_pyarrow,2024-12-01 00:01:00,2025-01-01,1,HIGHLAS_69KV_1,COAS,5.149487
historical_profile_pyarrow,2024-12-01 00:01:00,2025-01-01,1,MID_138KV_1,COAS,11.841109
historical_profile_pyarrow,2024-12-01 00:01:00,2025-01-01,1,MID_138KV_2,COAS,9.254195
historical_profile_pyarrow,2024-12-01 00:01:00,2025-01-01,1,MID_138KV_3,COAS,2.574250
historical_profile_pyarrow,2024-12-01 00:01:00,2025-01-01,1,MID_138KV_4,COAS,11.841109
historical_profile_pyarrow,2024-12-01 00:01:00,2025-01-01,1,MID_138KV_5,COAS,11.841109
historical_profile_pyarrow,2024-12-01 00:01:00,2025-01-01,1,LANCTYPM_138KV_1,COAS,0.245312
historical_profile_pyarrow,2024-12-01 00:01:00,2025-01-01,1,HILLJE_69KV_1,COAS,1.415981
historical_profile_pyarrow,2024-12-01 00:01:00,2025-01-01,1,WEB_138KV_1,COAS,11.841109
historical_profile_pyarrow,2024-12-01 00:01:00,2025-01-01,1,WEB_138KV_2,COAS,15.755000
historical_profile_pyarrow,2024-12-01 00:01:00,2025-01-01,1,WEB_138KV_3,COAS,15.540412
historical_profile_pyarrow,2024-12-01 00:01:00,2025-01-01,1,WEB_138KV_4,COAS,13.435702
historical_profile_pyarrow,2024-12-01 00:01:00,2025-01-01,1,WEB_138KV_5,COAS,12.503113
historical_profile_pyarrow,2024-12-01 00:01:00,2025-01-01,1,WEB_138KV_6,COAS,11.771000
historical_profile_pyarrow,2024-12-01 00:01:00,2025-01-01,1,WEB_138KV_7,COAS,0.000000
historical_profile_pyarrow,2024-12-01 00:01:00,2025-01-01,1,BFM_138KV_1,COAS,0.000000
historical_profile_pyarrow,2024-12-01 00:01:00,2025-01-01,1,PLANVWS_69KV_1,COAS,1.695981
historical_profile_pyarrow,2024-12-01 00:01:00,2025-01-01,1,UN_138KV_1,COAS,9.422786
historical_profile_pyarrow,2024-12-01 00:01:00,2025-01-01,1,UN_138KV_2,COAS,10.290625
historical_profile_pyarrow,2024-12-01 00:01:00,2025-01-01,1,UN_138KV_3,COAS,11.841109
historical_profile_pyarrow,2024-12-01 00:01:00,2025-01-01,1,UN_138KV_4,COAS,11.841109
historical_profile_pyarrow,2024-12-01 00:01:00,2025-01-01,1,UN_138KV_5,COAS,7.460695
historical_profile_pyarrow,2024-12-01 00:01:00,2025-01-01,1,HN_138KV_1,COAS,3.938429
historical_profile_pyarrow,2024-12-01 00:01:00,2025-01-01,1,PJ_138KV_1,COAS,7.710197
historical_profile_pyarrow,2024-12-01 00:01:00,2025-01-01,1,PJ_138KV_2,COAS,11.841109
historical_profile_pyarrow,2024-12-01 00:01:00,2025-01-01,1,PJ_138KV_3,COAS,12.724993
historical_profile_pyarrow,2024-12-01 00:01:00,2025-01-01,1,PJ_138KV_4,COAS,11.841109
historical_profile_pyarrow,2024-12-01 00:01:00,2025-01-01,1,MLA_138KV_1,COAS,11.031753
historical_profile_pyarrow,2024-12-01 00:01:00,2025-01-01,1,SP_138KV_1,COAS,25.820105
historical_profile_pyarrow,2024-12-01 00:01:00,2025-01-01,1,DQ_138KV_1,COAS,3.603987
historical_profile_pyarrow,2024-12-01 00:01:00,2025-01-01,1,WC_138KV_1,COAS,0.912329
historical_profile_pyarrow,2024-12-01 00:01:00,2025-01-01,1,CB_138KV_1,COAS,11.841109
historical_profile_pyarrow,2024-12-01 00:01:00,2025-01-01,1,CB_138KV_2,COAS,12.406552
historical_profile_pyarrow,2024-12-01 00:01:00,2025-01-01,1,CB_138KV_3,COAS,20.540275
historical_profile_pyarrow,2024-12-01 00:01:00,2025-01-01,1,CB_138KV_4,COAS,0.000000
historical_profile_pyarrow,2024-12-01 00:01:00,2025-01-01,1,DL_138KV_1,COAS,47.648338
historical_profile_pyarrow,2024-12-01 00:01:00,2025-01-01,1,MY_138KV_1,COAS,22.361422
historical_profile_pyarrow,2024-12-01 00:01:00,2025-01-01,1,MY_138KV_2,COAS,10.653307
historical_profile_pyarrow,2024-12-01 00:01:00,2025-01-01,1,LU_138KV_1,COAS,24.907863
historical_profile_pyarrow,2024-12-01 00:01:00,2025-01-01,1,LU_138KV_2,COAS,22.550614
historical_profile_pyarrow,2024-12-01 00:01:00,2025-01-01,1,LU_138KV_3,COAS,11.841109
historical_profile_pyarrow,2024-12-01 00:01:00,2025-01-01,1,LU_138KV_4,COAS,11.841109
historical_profile_pyarrow,2024-12-01 00:01:00,2025-01-01,1,UW_138KV_1,COAS,8.330000
historical_profile_pyarrow,2024-12-01 00:01:00,2025-01-01,1,UW_138KV_2,COAS,10.192510
historical_profile_pyarrow,2024-12-01 00:01:00,2025-01-01,1,UW_138KV_3,COAS,11.841109
historical_profile_pyarrow,2024-12-01 00:01:00,2025-01-01,1,UW_138KV_4,COAS,11.841109
historical_profile_pyarrow,2024-12-01 00:01:00,2025-01-01,1,NP_138KV_1,COAS,22.912266
historical_profile_pyarrow,2024-12-01 00:01:00,2025-01-01,1,ST_138KV_1,COAS,20.379081
historical_profile_pyarrow,2024-12-01 00:01:00,2025-01-01,1,ST_138KV_2,COAS,22.607796
historical_profile_pyarrow,2024-12-01 00:01:00,2025-01-01,1,ST_138KV_3,COAS,11.841109
historical_profile_pyarrow,2024-12-01 00:01:00,2025-01-01,1,ST_138KV_4,COAS,11.841109
historical_profile_pyarrow,2024-12-01 00:01:00,2025-01-01,1,LONETRS_69KV_1,COAS,4.038753
historical_profile_pyarrow,2024-12-01 00:01:00,2025-01-01,1,LHM_138KV_1,COAS,0.000000
historical_profile_pyarrow,2024-12-01 00:01:00,2025-01-01,1,GV_138KV_1,COAS,0.702451
historical_profile_pyarrow,2024-12-01 00:01:00,2025-01-01,1,GV_69KV_1,COAS,14.722243
historical_profile_pyarrow,2024-12-01 00:01:00,2025-01-01,1,GV_1KV_1,COAS,11.841109
historical_profile_pyarrow,2024-12-01 00:01:00,2025-01-01,1,GV_13KV_1,COAS,11.841109
historical_profile_pyarrow,2024-12-01 00:01:00,2025-01-01,1,V_DUPSW_138KV_1,COAS,11.841109
historical_profile_pyarrow,2024-12-01 00:01:00,2025-01-01,1,RA_138KV_1,COAS,48.099510
historical_profile_pyarrow,2024-12-01 00:01:00,2025-01-01,1,NB_138KV_1,COAS,46.945545
historical_profile_pyarrow,2024-12-01 00:01:00,2025-01-01,1,NB_345KV_1,COAS,11.841109
historical_profile_pyarrow,2024-12-01 00:01:00,2025-01-01,1,NB_1KV_1,COAS,11.841109
historical_profile_pyarrow,2024-12-01 00:01:00,2025-01-01,1,NB_23KV_1,COAS,11.841109
historical_profile_pyarrow,2024-12-01 00:01:00,2025-01-01,1,NB_23KV_2,COAS,11.841109
historical_profile_pyarrow,2024-12-01 00:01:00,2025-01-01,1,NB_23KV_3,COAS,11.841109
historical_profile_pyarrow,2024-12-01 00:01:00,2025-01-01,1,NB_1KV_2,COAS,11.841109
historical_profile_pyarrow,2024-12-01 00:01:00,2025-01-01,1,NB_1KV_3,COAS,11.841109
historical_profile_pyarrow,2024-12-01 00:01:00,2025-01-01,1,SMITHERS_345KV_1,COAS,11.841109
historical_profile_pyarrow,2024-12-01 00:01:00,2025-01-01,1,GANADO_138KV_1,COAS,2.290309
historical_profile_pyarrow,2024-12-01 00:01:00,2025-01-01,1,WAS_138KV_1,COAS,34.357571
historical_profile_pyarrow,2024-12-01 00:01:00,2025-01-01,1,GS_138KV_1,COAS,11.841109
historical_profile_pyarrow,2024-12-01 00:01:00,2025-01-01,1,GS_69KV_1,COAS,25.390506
historical_profile_pyarrow,2024-12-01 00:01:00,2025-01-01,1,GS_1KV_1,COAS,11.841109
historical_profile_pyarrow,2024-12-01 00:01:00,2025-01-01,1,GS_12KV_1,COAS,11.841109
historical_profile_pyarrow,2024-12-01 00:01:00,2025-01-01,1,GS_1KV_2,COAS,11.841109
historical_profile_pyarrow,2024-12-01 00:01:00,2025-01-01,1,GS_13KV_1,COAS,11.841109
historical_profile_pyarrow,2024-12-01 00:01:00,2025-01-01,1,ELTORSW_69KV_1,COAS,11.841109
historical_profile_pyarrow,2024-12-01 00:01:00,2025-01-01,1,DOW_PUMP_69KV_1,COAS,0.000000
historical_profile_pyarrow,2024-12-01 00:01:00,2025-01-01,1,P_LAVACA_69KV_1,COAS,0.000000
historical_profile_pyarrow,2024-12-01 00:01:00,2025-01-01,1,GANADOS_69KV_1,COAS,1.550383
historical_profile_pyarrow,2024-12-01 00:01:00,2025-01-01,1,STPSW_138KV_1,COAS,11.841109
historical_profile_pyarrow,2024-12-01 00:01:00,2025-01-01,1,SDN_345KV_1,COAS,11.841109
historical_profile_pyarrow,2024-12-01 00:01:00,2025-01-01,1,MARKHAM_69KV_1,COAS,0.500596
historical_profile_pyarrow,2024-12-01 00:01:00,2025-01-01,1,CS_34KV_1,COAS,11.841109
historical_profile_pyarrow,2024-12-01 00:01:00,2025-01-01,1,SN_138KV_1,COAS,42.015916
historical_profile_pyarrow,2024-12-01 00:01:00,2025-01-01,1,WLO_138KV_1,COAS,52.717500
historical_profile_pyarrow,2024-12-01 00:01:00,2025-01-01,1,PSG_138KV_1,COAS,11.841109
historical_profile_pyarrow,2024-12-01 00:01:00,2025-01-01,1,PSG_138KV_2,COAS,11.841109
historical_profile_pyarrow,2024-12-01 00:01:00,2025-01-01,1,PSG_138KV_3,COAS,11.841109
historical_profile_pyarrow,2024-12-01 00:01:00,2025-01-01,1,PSG_138KV_4,COAS,0.000000
historical_profile_pyarrow,2024-12-01 00:01:00,2025-01-01,1,OB_23KV_1,COAS,11.841109
historical_profile_pyarrow,2024-12-01 00:01:00,2025-01-01,1,OB_345KV_1,COAS,11.841109
historical_profile_pyarrow,2024-12-01 00:01:00,2025-01-01,1,OB_138KV_1,COAS,32.389214
historical_profile_pyarrow,2024-12-01 00:01:00,2025-01-01,1,OB_138KV_2,COAS,27.028364
historical_profile_pyarrow,2024-12-01 00:01:00,2025-01-01,1,OB_138KV_3,COAS,24.623776
historical_profile_pyarrow,2024-12-01 00:01:00,2025-01-01,1,OB_138KV_4,COAS,0.000000
historical_profile_pyarrow,2024-12-01 00:01:00,2025-01-01,1,OB_138KV_5,COAS,11.841109
historical_profile_pyarrow,2024-12-01 00:01:00,2025-01-01,1,OB_1KV_1,COAS,11.841109
historical_profile_pyarrow,2024-12-01 00:01:00,2025-01-01,1,OB_1KV_2,COAS,11.841109
historical_profile_pyarrow,2024-12-01 00:01:00,2025-01-01,1,OB_1KV_3,COAS,11.841109
historical_profile_pyarrow,2024-12-01 00:01:00,2025-01-01,1,OB_23KV_2,COAS,11.841109
historical_profile_pyarrow,2024-12-01 00:01:00,2025-01-01,1,OB_23KV_3,COAS,11.841109
historical_profile_pyarrow,2024-12-01 00:01:00,2025-01-01,1,GREENLK_69KV_1,COAS,2.375318
historical_profile_pyarrow,2024-12-01 00:01:00,2025-01-01,1,PWL_138KV_1,COAS,7.703786
historical_profile_pyarrow,2024-12-01 00:01:00,2025-01-01,1,COPSUB8_138KV_1,COAS,0.000000
historical_profile_pyarrow,2024-12-01 00:01:00,2025-01-01,1,PET_138KV_1,COAS,10.468052
historical_profile_pyarrow,2024-12-01 00:01:00,2025-01-01,1,CHB_345KV_1,COAS,11.841109
historical_profile_pyarrow,2024-12-01 00:01:00,2025-01-01,1,N_VICT_69KV_1,COAS,25.552117
historical_profile_pyarrow,2024-12-01 00:01:00,2025-01-01,1,TE_138KV_1,COAS,11.841109
historical_profile_pyarrow,2024-12-01 00:01:00,2025-01-01,1,TE_138KV_2,COAS,11.841109
historical_profile_pyarrow,2024-12-01 00:01:00,2025-01-01,1,TE_138KV_3,COAS,17.083883
historical_profile_pyarrow,2024-12-01 00:01:00,2025-01-01,1,TE_138KV_4,COAS,11.117048
historical_profile_pyarrow,2024-12-01 00:01:00,2025-01-01,1,MB_138KV_1,COAS,16.745630
historical_profile_pyarrow,2024-12-01 00:01:00,2025-01-01,1,WO_138KV_1,COAS,8.001801
historical_profile_pyarrow,2024-12-01 00:01:00,2025-01-01,1,WO_345KV_1,COAS,11.841109
historical_profile_pyarrow,2024-12-01 00:01:00,2025-01-01,1,WO_138KV_2,COAS,34.242416
historical_profile_pyarrow,2024-12-01 00:01:00,2025-01-01,1,WO_69KV_2,COAS,11.841109
historical_profile_pyarrow,2024-12-01 00:01:00,2025-01-01,1,WO_1KV_2,COAS,11.841109
historical_profile_pyarrow,2024-12-01 00:01:00,2025-01-01,1,WO_23KV_1,COAS,11.841109
historical_profile_pyarrow,2024-12-01 00:01:00,2025-01-01,1,WO_23KV_2,COAS,11.841109
historical_profile_pyarrow,2024-12-01 00:01:00,2025-01-01,1,WO_1KV_3,COAS,11.841109
historical_profile_pyarrow,2024-12-01 00:01:00,2025-01-01,1,WO_1KV_4,COAS,11.841109
historical_profile_pyarrow,2024-12-01 00:01:00,2025-01-01,1,WO_13KV_2,COAS,11.841109
historical_profile_pyarrow,2024-12-01 00:01:00,2025-01-01,1,CBY_138KV_1,COAS,11.841109
historical_profile_pyarrow,2024-12-01 00:01:00,2025-01-01,1,CBY_345KV_1,COAS,11.841109
historical_profile_pyarrow,2024-12-01 00:01:00,2025-01-01,1,CBY_138KV_2,COAS,0.000000
historical_profile_pyarrow,2024-12-01 00:01:00,2025-01-01,1,CBY_138KV_3,COAS,0.000000
historical_profile_pyarrow,2024-12-01 00:01:00,2025-01-01,1,CBY_138KV_4,COAS,0.000000
historical_profile_pyarrow,2024-12-01 00:01:00,2025-01-01,1,CBY_1KV_1,COAS,11.841109
historical_profile_pyarrow,2024-12-01 00:01:00,2025-01-01,1,CBY_138KV_5,COAS,0.000000
historical_profile_pyarrow,2024-12-01 00:01:00,2025-01-01,1,CBY_1KV_2,COAS,11.841109
historical_profile_pyarrow,2024-12-01 00:01:00,2025-01-01,1,CBY_1KV_3,COAS,11.841109
historical_profile_pyarrow,2024-12-01 00:01:00,2025-01-01,1,CBY_1KV_4,COAS,11.841109
historical_profile_pyarrow,2024-12-01 00:01:00,2025-01-01,1,CBY_23KV_1,COAS,11.841109
historical_profile_pyarrow,2024-12-01 00:01:00,2025-01-01,1,CBY_23KV_2,COAS,11.841109
historical_profile_pyarrow,2024-12-01 00:01:00,2025-01-01,1,CBY_23KV_3,COAS,0.000000
historical_profile_pyarrow,2024-12-01 00:01:00,2025-01-01,1,CBY_20KV_2,COAS,0.000000
historical_profile_pyarrow,2024-12-01 00:01:00,2025-01-01,1,CK_138KV_1,COAS,11.841109
historical_profile_pyarrow,2024-12-01 00:01:00,2025-01-01,1,CK_138KV_2,COAS,12.117353
historical_profile_pyarrow,2024-12-01 00:01:00,2025-01-01,1,CK_138KV_3,COAS,4.589000
historical_profile_pyarrow,2024-12-01 00:01:00,2025-01-01,1,CK_138KV_4,COAS,4.798891
historical_profile_pyarrow,2024-12-01 00:01:00,2025-01-01,1,CK_138KV_5,COAS,11.841109
historical_profile_pyarrow,2024-12-01 00:01:00,2025-01-01,1,CK_138KV_6,COAS,11.841109
historical_profile_pyarrow,2024-12-01 00:01:00,2025-01-01,1,LOUISES_69KV_1,COAS,0.758714
historical_profile_pyarrow,2024-12-01 00:01:00,2025-01-01,1,HR_138KV_1,COAS,13.072234
historical_profile_pyarrow,2024-12-01 00:01:00,2025-01-01,1,TWNPINS_69KV_1,COAS,1.177708
historical_profile_pyarrow,2024-12-01 00:01:00,2025-01-01,1,EDNA_138KV_1,COAS,6.218714
historical_profile_pyarrow,2024-12-01 00:01:00,2025-01-01,1,GBY_1KV_1,COAS,11.841109
historical_profile_pyarrow,2024-12-01 00:01:00,2025-01-01,1,GBY_1KV_2,COAS,11.841109
historical_profile_pyarrow,2024-12-01 00:01:00,2025-01-01,1,GBY_345KV_1,COAS,11.841109
historical_profile_pyarrow,2024-12-01 00:01:00,2025-01-01,1,GBY_138KV_1,COAS,0.000000
historical_profile_pyarrow,2024-12-01 00:01:00,2025-01-01,1,GBY_1KV_3,COAS,11.841109
historical_profile_pyarrow,2024-12-01 00:01:00,2025-01-01,1,GBY_69KV_1,COAS,11.841109
historical_profile_pyarrow,2024-12-01 00:01:00,2025-01-01,1,GBY_138KV_2,COAS,11.841109
historical_profile_pyarrow,2024-12-01 00:01:00,2025-01-01,1,GBY_138KV_3,COAS,11.841109
historical_profile_pyarrow,2024-12-01 00:01:00,2025-01-01,1,GBY_138KV_4,COAS,11.841109
historical_profile_pyarrow,2024-12-01 00:01:00,2025-01-01,1,GBY_1KV_4,COAS,11.841109
historical_profile_pyarrow,2024-12-01 00:01:00,2025-01-01,1,GBY_1KV_5,COAS,11.841109
historical_profile_pyarrow,2024-12-01 00:01:00,2025-01-01,1,GBY_1KV_6,COAS,11.841109
historical_profile_pyarrow,2024-12-01 00:01:00,2025-01-01,1,GBY_23KV_1,COAS,11.841109
historical_profile_pyarrow,2024-12-01 00:01:00,2025-01-01,1,GBY_23KV_2,COAS,11.841109
historical_profile_pyarrow,2024-12-01 00:01:00,2025-01-01,1,GBY_13KV_7,COAS,11.841109
historical_profile_pyarrow,2024-12-01 00:01:00,2025-01-01,1,TLR_138KV_1,COAS,0.257383
historical_profile_pyarrow,2024-12-01 00:01:00,2025-01-01,1,FZ_138KV_1,COAS,128.447927
historical_profile_pyarrow,2024-12-01 00:01:00,2025-01-01,1,IR_138KV_1,COAS,7.113092
historical_profile_pyarrow,2024-12-01 00:01:00,2025-01-01,1,IR_138KV_2,COAS,11.841109
historical_profile_pyarrow,2024-12-01 00:01:00,2025-01-01,1,IR_138KV_3,COAS,8.257783
historical_profile_pyarrow,2024-12-01 00:01:00,2025-01-01,1,IR_138KV_4,COAS,0.000000
historical_profile_pyarrow,2024-12-01 00:01:00,2025-01-01,1,BRAZORIA_69KV_1,COAS,11.841109
historical_profile_pyarrow,2024-12-01 00:01:00,2025-01-01,1,BG_138KV_1,COAS,28.613241
historical_profile_pyarrow,2024-12-01 00:01:00,2025-01-01,1,SEADRFTC_138KV_1,COAS,1.511065
historical_profile_pyarrow,2024-12-01 00:01:00,2025-01-01,1,SJS_138KV_1,COAS,11.841109
historical_profile_pyarrow,2024-12-01 00:01:00,2025-01-01,1,SJS_138KV_2,COAS,11.841109
historical_profile_pyarrow,2024-12-01 00:01:00,2025-01-01,1,LY_138KV_1,COAS,11.841109
historical_profile_pyarrow,2024-12-01 00:01:00,2025-01-01,1,LY_138KV_2,COAS,11.841109
historical_profile_pyarrow,2024-12-01 00:01:00,2025-01-01,1,LY_138KV_3,COAS,24.903739
historical_profile_pyarrow,2024-12-01 00:01:00,2025-01-01,1,LY_138KV_4,COAS,17.864333
historical_profile_pyarrow,2024-12-01 00:01:00,2025-01-01,1,LY_138KV_5,COAS,11.841109
historical_profile_pyarrow,2024-12-01 00:01:00,2025-01-01,1,LY_138KV_6,COAS,23.526392
historical_profile_pyarrow,2024-12-01 00:01:00,2025-01-01,1,PALACIOS_69KV_1,COAS,11.841109
historical_profile_pyarrow,2024-12-01 00:01:00,2025-01-01,1,PALACIOS_69KV_3,COAS,11.841109
historical_profile_pyarrow,2024-12-01 00:01:00,2025-01-01,1,BZ_138KV_1,COAS,26.300208
historical_profile_pyarrow,2024-12-01 00:01:00,2025-01-01,1,OAS_345KV_1,COAS,11.841109
historical_profile_pyarrow,2024-12-01 00:01:00,2025-01-01,1,NM_138KV_1,COAS,9.741685
historical_profile_pyarrow,2024-12-01 00:01:00,2025-01-01,1,NM_138KV_2,COAS,5.730000
historical_profile_pyarrow,2024-12-01 00:01:00,2025-01-01,1,NM_138KV_3,COAS,8.017986
historical_profile_pyarrow,2024-12-01 00:01:00,2025-01-01,1,NM_138KV_4,COAS,11.841109
historical_profile_pyarrow,2024-12-01 00:01:00,2025-01-01,1,TO_138KV_1,COAS,8.548854
historical_profile_pyarrow,2024-12-01 00:01:00,2025-01-01,1,TO_138KV_2,COAS,11.841109
historical_profile_pyarrow,2024-12-01 00:01:00,2025-01-01,1,TO_138KV_3,COAS,24.756604
historical_profile_pyarrow,2024-12-01 00:01:00,2025-01-01,1,TO_138KV_4,COAS,11.841109
historical_profile_pyarrow,2024-12-01 00:01:00,2025-01-01,1,RZ_138KV_1,COAS,9.532216
historical_profile_pyarrow,2024-12-01 00:01:00,2025-01-01,1,HOC_138KV_1,COAS,11.841109
historical_profile_pyarrow,2024-12-01 00:01:00,2025-01-01,1,HOC_69KV_1,COAS,11.841109
historical_profile_pyarrow,2024-12-01 00:01:00,2025-01-01,1,HOC_138KV_2,COAS,11.841109
historical_profile_pyarrow,2024-12-01 00:01:00,2025-01-01,1,HOC_1KV_1,COAS,11.841109
historical_profile_pyarrow,2024-12-01 00:01:00,2025-01-01,1,HOC_12KV_1,COAS,11.841109
historical_profile_pyarrow,2024-12-01 00:01:00,2025-01-01,1,HOC_138KV_3,COAS,6.886062
historical_profile_pyarrow,2024-12-01 00:01:00,2025-01-01,1,HOC_138KV_4,COAS,19.737234
historical_profile_pyarrow,2024-12-01 00:01:00,2025-01-01,1,HOC_138KV_5,COAS,22.002533
historical_profile_pyarrow,2024-12-01 00:01:00,2025-01-01,1,HOC_138KV_6,COAS,21.281000
historical_profile_pyarrow,2024-12-01 00:01:00,2025-01-01,1,TXCITYMN_69KV_1,COAS,11.841109
historical_profile_pyarrow,2024-12-01 00:01:00,2025-01-01,1,TXCITYMN_138KV_1,COAS,11.841109
historical_profile_pyarrow,2024-12-01 00:01:00,2025-01-01,1,WL_138KV_1,COAS,8.625810
historical_profile_pyarrow,2024-12-01 00:01:00,2025-01-01,1,WL_138KV_2,COAS,7.582020
historical_profile_pyarrow,2024-12-01 00:01:00,2025-01-01,1,WL_138KV_3,COAS,11.841109
historical_profile_pyarrow,2024-12-01 00:01:00,2025-01-01,1,AMOCOOIL_138KV_1,COAS,0.000000
historical_profile_pyarrow,2024-12-01 00:01:00,2025-01-01,1,AMOCOOIL_138KV_2,COAS,0.000000
historical_profile_pyarrow,2024-12-01 00:01:00,2025-01-01,1,AMOCOOIL_138KV_3,COAS,11.841109
historical_profile_pyarrow,2024-12-01 00:01:00,2025-01-01,1,AMOCOOIL_138KV_4,COAS,11.841109
historical_profile_pyarrow,2024-12-01 00:01:00,2025-01-01,1,AMOCOOIL_138KV_5,COAS,11.841109
historical_profile_pyarrow,2024-12-01 00:01:00,2025-01-01,1,AMOCOOIL_138KV_6,COAS,11.841109
historical_profile_pyarrow,2024-12-01 00:01:00,2025-01-01,1,GW_138KV_1,COAS,15.905734
historical_profile_pyarrow,2024-12-01 00:01:00,2025-01-01,1,S_CLMVS_69KV_1,COAS,2.515396
historical_profile_pyarrow,2024-12-01 00:01:00,2025-01-01,1,HASTINGS_138KV_1,COAS,26.099916
historical_profile_pyarrow,2024-12-01 00:01:00,2025-01-01,1,WV_69KV_1,COAS,9.107222
historical_profile_pyarrow,2024-12-01 00:01:00,2025-01-01,1,CF_138KV_1,COAS,10.622883
historical_profile_pyarrow,2024-12-01 00:01:00,2025-01-01,1,PSA_138KV_1,COAS,0.000000
historical_profile_pyarrow,2024-12-01 00:01:00,2025-01-01,1,PSA_138KV_2,COAS,0.000000
historical_profile_pyarrow,2024-12-01 00:01:00,2025-01-01,1,PSA_138KV_3,COAS,11.841109
historical_profile_pyarrow,2024-12-01 00:01:00,2025-01-01,1,BROOKHOL_69KV_1,COAS,5.961062
historical_profile_pyarrow,2024-12-01 00:01:00,2025-01-01,1,BROOKHOL_138KV_1,COAS,11.841109
historical_profile_pyarrow,2024-12-01 00:01:00,2025-01-01,1,BROOKHOL_1KV_1,COAS,11.841109
historical_profile_pyarrow,2024-12-01 00:01:00,2025-01-01,1,BROOKHOL_12KV_1,COAS,11.841109
historical_profile_pyarrow,2024-12-01 00:01:00,2025-01-01,1,BROOKHOL_69KV_2,COAS,2.481667
historical_profile_pyarrow,2024-12-01 00:01:00,2025-01-01,1,UV_138KV_1,COAS,11.031662
historical_profile_pyarrow,2024-12-01 00:01:00,2025-01-01,1,UV_138KV_2,COAS,10.196396
historical_profile_pyarrow,2024-12-01 00:01:00,2025-01-01,1,UV_138KV_3,COAS,11.841109
historical_profile_pyarrow,2024-12-01 00:01:00,2025-01-01,1,UV_138KV_4,COAS,11.841109
historical_profile_pyarrow,2024-12-01 00:01:00,2025-01-01,1,SLV_138KV_1,COAS,2.737719
historical_profile_pyarrow,2024-12-01 00:01:00,2025-01-01,1,P66_3_69KV_1,COAS,0.000000
historical_profile_pyarrow,2024-12-01 00:01:00,2025-01-01,1,AZ_138KV_1,COAS,71.359461
historical_profile_pyarrow,2024-12-01 00:01:00,2025-01-01,1,CAV_138KV_1,COAS,0.133329
historical_profile_pyarrow,2024-12-01 00:01:00,2025-01-01,1,TRV_138KV_1,COAS,27.499286
historical_profile_pyarrow,2024-12-01 00:01:00,2025-01-01,1,MIN_69KV_1,COAS,0.000000
historical_profile_pyarrow,2024-12-01 00:01:00,2025-01-01,1,MIN_13KV_2,COAS,11.841109
historical_profile_pyarrow,2024-12-01 00:01:00,2025-01-01,1,KM_138KV_1,COAS,15.403696
historical_profile_pyarrow,2024-12-01 00:01:00,2025-01-01,1,KM_138KV_2,COAS,11.841109
historical_profile_pyarrow,2024-12-01 00:01:00,2025-01-01,1,KM_138KV_3,COAS,7.489699
historical_profile_pyarrow,2024-12-01 00:01:00,2025-01-01,1,KM_138KV_4,COAS,0.000000
historical_profile_pyarrow,2024-12-01 00:01:00,2025-01-01,1,MSN_138KV_1,COAS,11.841109
historical_profile_pyarrow,2024-12-01 00:01:00,2025-01-01,1,MSN_34KV_1,COAS,0.000000
historical_profile_pyarrow,2024-12-01 00:01:00,2025-01-01,1,MSN_34KV_2,COAS,0.000000
historical_profile_pyarrow,2024-12-01 00:01:00,2025-01-01,1,HEIGHTTN_69KV_1,COAS,11.841109
historical_profile_pyarrow,2024-12-01 00:01:00,2025-01-01,1,GN_138KV_1,COAS,120.716792
historical_profile_pyarrow,2024-12-01 00:01:00,2025-01-01,1,MARTHNPL_69KV_1,COAS,1.835377
historical_profile_pyarrow,2024-12-01 00:01:00,2025-01-01,1,WT_138KV_1,COAS,10.732765
historical_profile_pyarrow,2024-12-01 00:01:00,2025-01-01,1,WT_138KV_2,COAS,23.408288
historical_profile_pyarrow,2024-12-01 00:01:00,2025-01-01,1,MCFADIS_69KV_1,COAS,2.467656
historical_profile_pyarrow,2024-12-01 00:01:00,2025-01-01,1,RAYBURN_138KV_1,COAS,11.841109
historical_profile_pyarrow,2024-12-01 00:01:00,2025-01-01,1,RAYBURN_138KV_2,COAS,11.841109
historical_profile_pyarrow,2024-12-01 00:01:00,2025-01-01,1,RAYBURN_69KV_1,COAS,0.413426
historical_profile_pyarrow,2024-12-01 00:01:00,2025-01-01,1,HA_138KV_1,COAS,9.710870
historical_profile_pyarrow,2024-12-01 00:01:00,2025-01-01,1,HA_138KV_2,COAS,22.285634
historical_profile_pyarrow,2024-12-01 00:01:00,2025-01-01,1,HA_138KV_3,COAS,11.841109
historical_profile_pyarrow,2024-12-01 00:01:00,2025-01-01,1,HA_138KV_4,COAS,11.841109
historical_profile_pyarrow,2024-12-01 00:01:00,2025-01-01,1,SA_138KV_1,COAS,44.068994
historical_profile_pyarrow,2024-12-01 00:01:00,2025-01-01,1,SA_138KV_2,COAS,55.305444
historical_profile_pyarrow,2024-12-01 00:01:00,2025-01-01,1,SA_138KV_3,COAS,44.589446
historical_profile_pyarrow,2024-12-01 00:01:00,2025-01-01,1,WCOLMAIN_138KV_1,COAS,11.841109
historical_profile_pyarrow,2024-12-01 00:01:00,2025-01-01,1,VNVLKSW_69KV_1,COAS,11.841109
historical_profile_pyarrow,2024-12-01 00:01:00,2025-01-01,1,BIL_138KV_1,COAS,22.372928
historical_profile_pyarrow,2024-12-01 00:01:00,2025-01-01,1,FB_138KV_1,COAS,11.841109
historical_profile_pyarrow,2024-12-01 00:01:00,2025-01-01,1,KAMEYS_69KV_1,COAS,0.348366
historical_profile_pyarrow,2024-12-01 00:01:00,2025-01-01,1,AMOCOTN_69KV_1,COAS,11.841109
historical_profile_pyarrow,2024-12-01 00:01:00,2025-01-01,1,AMOCOTN_138KV_1,COAS,11.841109
historical_profile_pyarrow,2024-12-01 00:01:00,2025-01-01,1,VANBLT69_69KV_1,COAS,1.575006
historical_profile_pyarrow,2024-12-01 00:01:00,2025-01-01,1,PE_138KV_1,COAS,11.841109
historical_profile_pyarrow,2024-12-01 00:01:00,2025-01-01,1,PE_138KV_2,COAS,7.606934
historical_profile_pyarrow,2024-12-01 00:01:00,2025-01-01,1,PE_138KV_3,COAS,11.670490
historical_profile_pyarrow,2024-12-01 00:01:00,2025-01-01,1,PE_138KV_4,COAS,11.841109
historical_profile_pyarrow,2024-12-01 00:01:00,2025-01-01,1,EB_138KV_1,COAS,6.562980
historical_profile_pyarrow,2024-12-01 00:01:00,2025-01-01,1,DN_69KV_1,COAS,32.588682
historical_profile_pyarrow,2024-12-01 00:01:00,2025-01-01,1,CHOCTAP_69KV_1,COAS,11.841109
historical_profile_pyarrow,2024-12-01 00:01:00,2025-01-01,1,OLDOCEAN_69KV_2,COAS,4.167632
historical_profile_pyarrow,2024-12-01 00:01:00,2025-01-01,1,STPFACHL_138KV_1,COAS,3.280224
historical_profile_pyarrow,2024-12-01 00:01:00,2025-01-01,1,AR_138KV_1,COAS,67.956216
historical_profile_pyarrow,2024-12-01 00:01:00,2025-01-01,1,QAB_138KV_1,COAS,46.544370
historical_profile_pyarrow,2024-12-01 00:01:00,2025-01-01,1,JOSLIN_138KV_1,COAS,1.076403
historical_profile_pyarrow,2024-12-01 00:01:00,2025-01-01,1,TWG_138KV_1,COAS,50.057253
historical_profile_pyarrow,2024-12-01 00:01:00,2025-01-01,1,MRN_138KV_1,COAS,11.841109
historical_profile_pyarrow,2024-12-01 00:01:00,2025-01-01,1,LEARY_LN_69KV_1,COAS,23.065201
historical_profile_pyarrow,2024-12-01 00:01:00,2025-01-01,1,TERMINAL_69KV_1,COAS,11.841109
historical_profile_pyarrow,2024-12-01 00:01:00,2025-01-01,1,SIS_138KV_1,COAS,11.841109
historical_profile_pyarrow,2024-12-01 00:01:00,2025-01-01,1,HG_69KV_1,COAS,20.813084
historical_profile_pyarrow,2024-12-01 00:01:00,2025-01-01,1,FOSTER_69KV_1,COAS,1.503974
historical_profile_pyarrow,2024-12-01 00:01:00,2025-01-01,1,GNO_138KV_1,COAS,19.508667
historical_profile_pyarrow,2024-12-01 00:01:00,2025-01-01,1,GNO_138KV_2,COAS,4.456159
historical_profile_pyarrow,2024-12-01 00:01:00,2025-01-01,1,CHOCBAYU_138KV_1,COAS,2.456760
historical_profile_pyarrow,2024-12-01 00:01:00,2025-01-01,1,BA_138KV_1,COAS,64.795935
historical_profile_pyarrow,2024-12-01 00:01:00,2025-01-01,1,QV_138KV_1,COAS,7.438344
historical_profile_pyarrow,2024-12-01 00:01:00,2025-01-01,1,QV_138KV_2,COAS,15.586489
historical_profile_pyarrow,2024-12-01 00:01:00,2025-01-01,1,QV_138KV_3,COAS,8.921729
historical_profile_pyarrow,2024-12-01 00:01:00,2025-01-01,1,QV_138KV_4,COAS,0.000000
historical_profile_pyarrow,2024-12-01 00:01:00,2025-01-01,1,SD_138KV_1,COAS,0.495909
historical_profile_pyarrow,2024-12-01 00:01:00,2025-01-01,1,ELCMPOS_69KV_1,COAS,3.920656
historical_profile_pyarrow,2024-12-01 00:01:00,2025-01-01,1,AF_138KV_1,COAS,36.026227
historical_profile_pyarrow,2024-12-01 00:01:00,2025-01-01,1,TV_138KV_2,COAS,11.841109
historical_profile_pyarrow,2024-12-01 00:01:00,2025-01-01,1,TV_138KV_3,COAS,8.996421
historical_profile_pyarrow,2024-12-01 00:01:00,2025-01-01,1,SCLPCOGN_138KV_1,COAS,11.841109
historical_profile_pyarrow,2024-12-01 00:01:00,2025-01-01,1,SCLPCOGN_69KV_1,COAS,11.841109
historical_profile_pyarrow,2024-12-01 00:01:00,2025-01-01,1,TNPRXTAP_69KV_1,COAS,11.841109
historical_profile_pyarrow,2024-12-01 00:01:00,2025-01-01,1,UCC_COGN_138KV_1,COAS,0.000000
historical_profile_pyarrow,2024-12-01 00:01:00,2025-01-01,1,NTHSDTAP_69KV_1,COAS,11.841109
historical_profile_pyarrow,2024-12-01 00:01:00,2025-01-01,1,ALOES_69KV_1,COAS,3.273981
historical_profile_pyarrow,2024-12-01 00:01:00,2025-01-01,1,CC_138KV_1,COAS,5.070086
historical_profile_pyarrow,2024-12-01 00:01:00,2025-01-01,1,CC_138KV_2,COAS,6.521816
historical_profile_pyarrow,2024-12-01 00:01:00,2025-01-01,1,CC_138KV_3,COAS,11.841109
historical_profile_pyarrow,2024-12-01 00:01:00,2025-01-01,1,CC_138KV_4,COAS,11.841109
historical_profile_pyarrow,2024-12-01 00:01:00,2025-01-01,1,FRK_138KV_1,COAS,23.752994
historical_profile_pyarrow,2024-12-01 00:01:00,2025-01-01,1,AI_138KV_1,COAS,9.106072
historical_profile_pyarrow,2024-12-01 00:01:00,2025-01-01,1,AI_138KV_2,COAS,11.841109
historical_profile_pyarrow,2024-12-01 00:01:00,2025-01-01,1,AI_138KV_3,COAS,11.841109
historical_profile_pyarrow,2024-12-01 00:01:00,2025-01-01,1,AI_138KV_4,COAS,12.745020
historical_profile_pyarrow,2024-12-01 00:01:00,2025-01-01,1,PZ_138KV_1,COAS,57.887928
historical_profile_pyarrow,2024-12-01 00:01:00,2025-01-01,1,BFP_138KV_1,COAS,35.269487
historical_profile_pyarrow,2024-12-01 00:01:00,2025-01-01,1,CD_138KV_1,COAS,15.037390
historical_profile_pyarrow,2024-12-01 00:01:00,2025-01-01,1,CD_138KV_2,COAS,17.411854
historical_profile_pyarrow,2024-12-01 00:01:00,2025-01-01,1,CD_138KV_3,COAS,11.841109
historical_profile_pyarrow,2024-12-01 00:01:00,2025-01-01,1,CD_138KV_4,COAS,11.841109
historical_profile_pyarrow,2024-12-01 00:01:00,2025-01-01,1,PRT_138KV_1,COAS,7.040208
historical_profile_pyarrow,2024-12-01 00:01:00,2025-01-01,1,CGR_138KV_1,COAS,25.555591
historical_profile_pyarrow,2024-12-01 00:01:00,2025-01-01,1,STA_138KV_1,COAS,8.422447
historical_profile_pyarrow,2024-12-01 00:01:00,2025-01-01,1,CHOCTAW_69KV_1,COAS,32.193851
historical_profile_pyarrow,2024-12-01 00:01:00,2025-01-01,1,BCV_138KV_1,COAS,20.737130
historical_profile_pyarrow,2024-12-01 00:01:00,2025-01-01,1,TRN_138KV_1,COAS,47.267058
historical_profile_pyarrow,2024-12-01 00:01:00,2025-01-01,1,DDPEC_345KV_1,COAS,11.841109
historical_profile_pyarrow,2024-12-01 00:01:00,2025-01-01,1,DDPEC_345KV_2,COAS,11.841109
historical_profile_pyarrow,2024-12-01 00:01:00,2025-01-01,1,DDPEC_345KV_3,COAS,11.841109
historical_profile_pyarrow,2024-12-01 00:01:00,2025-01-01,1,DDPEC_345KV_4,COAS,11.841109
historical_profile_pyarrow,2024-12-01 00:01:00,2025-01-01,1,DDPEC_345KV_5,COAS,11.841109
historical_profile_pyarrow,2024-12-01 00:01:00,2025-01-01,1,DDPEC_345KV_6,COAS,11.841109
historical_profile_pyarrow,2024-12-01 00:01:00,2025-01-01,1,RU_138KV_1,COAS,10.404817
historical_profile_pyarrow,2024-12-01 00:01:00,2025-01-01,1,RU_138KV_2,COAS,9.780675
historical_profile_pyarrow,2024-12-01 00:01:00,2025-01-01,1,RU_138KV_3,COAS,11.841109
historical_profile_pyarrow,2024-12-01 00:01:00,2025-01-01,1,RU_138KV_4,COAS,11.841109
historical_profile_pyarrow,2024-12-01 00:01:00,2025-01-01,1,LAN_CTY_138KV_1,COAS,11.841109
historical_profile_pyarrow,2024-12-01 00:01:00,2025-01-01,1,LAN_CTY_138KV_2,COAS,11.841109
historical_profile_pyarrow,2024-12-01 00:01:00,2025-01-01,1,LAN_CTY_138KV_3,COAS,11.841109
historical_profile_pyarrow,2024-12-01 00:01:00,2025-01-01,1,CG_138KV_1,COAS,11.441511
historical_profile_pyarrow,2024-12-01 00:01:00,2025-01-01,1,CG_138KV_2,COAS,11.905069
historical_profile_pyarrow,2024-12-01 00:01:00,2025-01-01,1,CG_138KV_3,COAS,11.841109
historical_profile_pyarrow,2024-12-01 00:01:00,2025-01-01,1,CG_138KV_4,COAS,11.841109
historical_profile_pyarrow,2024-12-01 00:01:00,2025-01-01,1,CG_138KV_5,COAS,11.841109
historical_profile_pyarrow,2024-12-01 00:01:00,2025-01-01,1,STF_138KV_1,COAS,5.649834
